t-SNE 1,t-SNE 2,Class
-22.690413,1.7157806,amanita
7.409264,12.777168,amanita
-6.5260816,11.329487,amanita
-5.646976,0.28181645,amanita
-13.835497,0.32348678,amanita
7.182299,3.5372484,amanita
-14.603391,2.0747132,amanita
3.4238112,8.2068,amanita
-20.292534,-5.609558,amanita
-3.4083812,17.616304,amanita
31.529953,-8.658107,amanita
-14.214657,4.5392723,amanita
-4.4555717,-5.592756,amanita
19.478045,-5.6170654,amanita
-19.398975,0.48439744,amanita
-7.9441385,-10.504228,amanita
-21.173666,2.452367,amanita
31.406271,-10.311948,amanita
30.279333,-9.987497,amanita
1.8552967,-2.9345372,amanita
-12.042357,12.620604,amanita
-17.61003,-3.3779383,amanita
-11.819051,-6.013047,amanita
16.371935,-5.250078,amanita
8.516784,7.2913613,amanita
30.742197,-8.871794,amanita
1.0550498,6.029532,amanita
-6.580053,5.4313874,amanita
1.9329981,-5.3324695,amanita
-17.387434,-1.7878814,amanita
-5.3933625,-0.5199471,amanita
-1.5400438,4.62796,amanita
28.211771,-10.153894,amanita
-23.564505,-0.8750878,amanita
25.410807,-7.86686,amanita
-11.906057,19.259714,amanita
29.83897,-8.522253,amanita
2.6907911,2.9037404,amanita
-3.6526568,14.115295,amanita
-6.379712,11.296863,amanita
19.196678,9.806127,amanita
-1.570374,3.1689925,amanita
7.409167,12.777102,amanita
29.409996,-8.174939,amanita
2.889378,-11.164838,amanita
9.43978,11.966947,amanita
1.24997,-2.5786543,amanita
-18.021633,7.0083017,amanita
-1.851883,-6.1985297,amanita
-9.465195,14.011009,amanita
6.4304295,1.0592109,amanita
-3.1872404,12.238661,amanita
13.873471,-0.643481,amanita
2.22835,3.0459838,amanita
16.817772,-1.4255971,amanita
33.63881,-7.177222,amanita
-19.789051,2.6367624,amanita
4.6132865,-0.090064175,amanita
20.13202,-6.0327463,amanita
-11.668124,-4.9056993,amanita
28.960133,-8.664254,amanita
-8.218106,4.6701756,amanita
-17.90051,-5.9927115,amanita
12.89168,8.075696,amanita
-19.294983,-9.159299,amanita
-23.197275,4.9366903,amanita
1.3654727,-5.358562,amanita
31.820534,-8.405215,amanita
5.9424796,8.523315,amanita
-19.71751,0.99231195,amanita
-22.827347,6.0513725,amanita
19.055218,3.8425229,amanita
-2.9824893,13.276493,amanita
-23.521877,2.3446271,amanita
31.669233,-9.690446,amanita
7.409264,12.777168,amanita
8.433163,-5.8439713,amanita
29.729641,-10.14045,amanita
35.142284,-5.6499557,amanita
1.3197906,5.807559,amanita
-9.4052,3.6980653,amanita
29.19749,-7.725656,amanita
-23.22577,3.6565082,amanita
-22.811953,2.1062424,amanita
20.69014,-4.914211,amanita
-19.572056,2.454011,amanita
29.5007,-9.180542,amanita
-3.4083812,17.616304,amanita
22.266129,0.61889374,amanita
30.524513,-9.309018,amanita
1.7100447,-1.4789027,amanita
-13.12493,5.802178,amanita
-4.4370036,-2.8009682,amanita
11.517292,-1.9796696,amanita
5.678294,8.751906,amanita
-0.6559952,8.511115,amanita
-23.889786,1.6659172,amanita
-21.82225,2.1017034,amanita
3.51672,4.087572,amanita
-9.505963,5.1013546,amanita
5.9957886,-4.4275904,amanita
17.941538,-2.551728,amanita
12.776189,-7.7486153,amanita
29.981342,-9.013241,amanita
-8.670707,-8.918468,amanita
13.951097,3.7292356,amanita
-1.878886,0.520802,amanita
0.9012033,-0.7260618,amanita
-18.675688,3.9549131,amanita
30.214956,-9.390911,amanita
-12.35394,-5.711339,amanita
-12.53724,0.6883381,amanita
-7.0068774,18.079971,amanita
26.059109,-9.389758,amanita
-22.408243,1.274222,amanita
21.017813,-5.024654,amanita
-8.496499,-10.304039,amanita
-8.747255,3.125297,amanita
-23.098377,3.7439847,amanita
-8.607255,10.855118,amanita
20.095394,-3.5670164,amanita
20.688211,-5.393543,amanita
-16.75699,2.229028,amanita
21.79819,-1.513046,amanita
-13.886081,1.1012849,amanita
28.599508,-8.132009,amanita
20.637495,-5.044669,amanita
-21.016106,1.9775757,amanita
-18.789661,-2.6531956,amanita
8.843209,2.1101623,amanita
-8.745203,4.378079,amanita
-5.441665,4.9151883,amanita
0.8882134,5.177462,amanita
-15.519851,1.5388227,amanita
-14.511535,2.2795556,amanita
9.43978,11.966947,amanita
22.581709,-4.4559283,amanita
1.5900975,3.200809,amanita
12.4884615,-10.167009,amanita
4.6179357,-9.854808,amanita
32.936314,-12.728005,amanita
-13.215102,-2.9774284,amanita
18.25967,-2.9794,amanita
-3.6402752,-11.512308,amanita
-21.95569,0.8727926,amanita
-4.942555,-8.550672,amanita
16.027569,5.9712257,amanita
9.036974,0.5326318,amanita
14.637599,-4.6205297,amanita
30.803349,-9.352523,amanita
9.915025,-2.2125223,amanita
-3.4083812,17.616304,amanita
20.146982,-3.2971444,amanita
-9.828275,-2.8963375,amanita
13.657287,0.23968644,amanita
-16.245815,0.08744933,amanita
11.172157,-2.2145934,amanita
11.460798,-0.5382605,amanita
-7.744517,-1.5065941,amanita
-17.627277,5.275295,amanita
0.065595925,0.98047864,amanita
17.111275,-5.0320134,amanita
9.43978,11.966947,amanita
-7.6205177,-2.449577,amanita
26.724133,-7.8756175,amanita
-23.528267,3.6994,amanita
5.277283,-3.1154916,amanita
-1.7121127,4.2090707,amanita
-10.223802,-7.655581,amanita
-22.675856,0.45514795,amanita
-18.73759,2.5285556,amanita
19.035662,6.5317435,amanita
31.055187,-10.117559,amanita
-15.911053,-0.88690066,amanita
-21.176426,1.2698162,amanita
11.093667,0.3916473,amanita
-6.0665326,12.658759,amanita
-5.441772,4.9150767,amanita
-1.06883,-7.8731356,amanita
-5.3905306,4.4593673,amanita
19.274988,10.243786,amanita
29.523197,-10.954663,amanita
-13.283783,-6.075891,amanita
12.154538,-8.596091,amanita
16.027569,5.9712257,amanita
-13.811052,-3.071399,amanita
19.035662,6.5317435,amanita
18.970493,0.7730892,amanita
-7.2212224,6.7921553,amanita
-20.646255,3.3988633,amanita
28.49341,-10.193645,amanita
-20.620443,5.316431,amanita
-17.910532,8.992901,amanita
-5.6495705,4.7975965,amanita
29.665436,-8.422396,amanita
21.79822,-1.513205,amanita
-20.292568,-5.6095815,amanita
-7.497848,2.7860699,amanita
5.7464437,-3.02141,amanita
-24.142792,0.8663708,amanita
31.922081,-9.716963,amanita
31.245615,-9.802706,amanita
17.092207,-4.5146556,amanita
-5.2028823,9.613195,amanita
13.537094,3.7396264,amanita
-24.478888,3.9431875,amanita
29.652819,-8.618934,amanita
8.368,3.6399875,amanita
-14.943669,4.5392723,amanita
28.460117,-7.182385,amanita
-3.9848747,4.766116,amanita
-12.074074,-7.91597,amanita
-4.834694,11.678862,amanita
-9.372419,5.715129,amanita
-7.398679,-2.4526088,amanita
-20.240797,1.7874507,amanita
28.023335,-9.59776,amanita
-4.008637,2.3129156,amanita
27.647392,-8.257735,amanita
10.420359,-3.5963871,amanita
11.467896,4.382558,amanita
-18.921047,-0.227655,amanita
31.888727,-9.640559,amanita
32.58057,-7.3230286,amanita
8.344106,4.427903,amanita
4.261272,-9.445121,amanita
11.64455,-7.791659,amanita
-0.6879504,6.06995,amanita
31.780254,-10.427386,amanita
12.901263,0.6367089,amanita
5.4711704,5.2840357,amanita
-11.906057,19.259714,amanita
-8.472411,5.874545,amanita
-12.936511,-0.94962704,amanita
-19.294954,-9.159254,amanita
2.5729513,-6.1483326,amanita
1.6512411,16.726353,amanita
19.035662,6.5317435,amanita
-10.5413885,4.4870305,boletus
5.0991874,-2.5973804,boletus
-10.456021,-8.769365,boletus
31.26956,-6.9657717,boletus
-9.543299,-5.8419895,boletus
17.601763,-4.973426,boletus
1.5856175,-15.458775,boletus
22.86161,-3.4503906,boletus
8.816786,1.562111,boletus
-0.83760875,-1.4479625,boletus
-10.002249,6.7405386,boletus
6.06774,7.272189,boletus
13.3862915,2.9498959,boletus
10.004594,6.9289107,boletus
-0.15495597,5.178028,boletus
-14.959244,-0.4679536,boletus
-5.0577254,6.5866337,boletus
9.992858,-6.629425,boletus
-14.458752,-1.4753217,boletus
12.204705,-6.747376,boletus
-23.529175,0.45547128,boletus
15.69336,-6.828027,boletus
21.519209,-4.273903,boletus
4.790208,2.704253,boletus
13.737297,3.1541257,boletus
-24.918545,2.6354518,boletus
14.183406,-3.8585591,boletus
31.879297,-5.961647,boletus
-20.950165,5.518445,boletus
12.195756,-0.13725029,boletus
-6.7640142,7.0659537,boletus
13.016184,3.3977,boletus
27.712881,-8.078865,boletus
-13.69549,7.6934934,boletus
15.014607,-3.7353735,boletus
-5.8950453,-6.785139,boletus
0.63363826,5.574553,boletus
13.504031,-5.1686406,boletus
1.7947398,0.32955235,boletus
10.322473,-7.855168,boletus
-12.763421,-4.8250084,boletus
-8.155338,2.4471743,boletus
28.443235,-5.197663,boletus
13.214808,-1.6110405,boletus
-8.512204,7.220055,boletus
-15.826139,-4.6382313,boletus
4.0951943,10.314843,boletus
11.402173,-4.0501103,boletus
20.624535,1.756473,boletus
13.13037,2.2127354,boletus
-18.490604,5.9901953,boletus
2.8376608,4.2043896,boletus
31.611406,-6.309924,boletus
10.587155,3.7322936,boletus
-7.0942216,-11.93063,boletus
1.5950345,-15.489319,boletus
24.27292,-6.5265965,boletus
-7.217774,13.792124,boletus
-14.582106,5.295393,boletus
-6.8440323,-6.7561536,boletus
-20.648113,5.012851,boletus
-10.113653,-10.611002,boletus
-7.515255,2.5188203,boletus
8.860388,-2.6390119,boletus
13.508071,-2.7463813,boletus
27.677382,-10.20892,boletus
34.63311,-7.9424825,boletus
32.830788,-12.7463255,boletus
-7.6873803,2.0941844,boletus
11.642614,11.006444,boletus
31.888996,-9.760502,boletus
-22.109142,2.1184692,boletus
-3.09937,3.0169,boletus
-5.4160933,-0.49980703,boletus
1.7861056,-5.066049,boletus
30.450949,-7.6676116,boletus
13.633517,-2.8472097,boletus
-12.258129,-8.633141,boletus
-15.8416605,13.703584,boletus
31.538511,-6.4197235,boletus
-8.999185,-0.08925802,boletus
11.496135,-9.4409685,boletus
30.491001,-8.839809,boletus
7.635303,-4.2385488,boletus
-13.908118,-0.7967099,boletus
9.33111,-5.4672546,boletus
-9.621907,2.385477,boletus
22.47237,-3.4478893,boletus
15.743069,-6.489608,boletus
1.3888776,-3.613405,boletus
6.7339106,4.597104,boletus
13.160811,-0.48836362,boletus
6.3421044,3.6226935,boletus
-1.1575105,8.792615,boletus
-8.600531,3.5866683,boletus
-15.391791,-4.675041,boletus
-10.45614,-7.143658,boletus
2.8655474,-2.1741257,boletus
-1.7266963,-3.3933434,boletus
-23.4941,4.0904975,boletus
8.954575,-1.0167345,boletus
21.392605,-6.821788,boletus
15.422115,-3.978115,boletus
13.834379,-9.276979,boletus
27.043053,-7.5381665,boletus
2.6183536,-7.8869214,boletus
31.71732,-6.8274236,boletus
-13.338945,-6.478079,boletus
10.732444,-7.511764,boletus
-13.886276,4.952597,boletus
-3.3744962,-6.851495,boletus
8.420881,-5.1125474,boletus
6.9168334,-1.1581032,boletus
15.82858,-3.816692,boletus
2.8505187,-3.0840619,boletus
12.843429,-1.4236398,boletus
-12.987329,14.031258,boletus
-13.403172,-4.4268775,boletus
14.680938,-6.706306,boletus
-1.9016864,-2.2466953,boletus
0.15959568,-2.0881932,boletus
9.619652,0.22106625,boletus
3.5798254,0.09004396,boletus
-10.437701,-6.6816187,boletus
-0.82634574,-7.091094,boletus
31.61355,-6.1938004,boletus
2.9784846,1.8096263,boletus
16.736174,-7.592932,boletus
-8.404187,1.5974919,boletus
12.190492,-7.428353,boletus
0.7676003,-1.2143116,boletus
32.699314,-12.836928,boletus
-12.2636,-7.5995817,boletus
-14.120737,0.917713,boletus
-11.719274,-2.5125349,boletus
-17.865665,1.8785276,boletus
-11.675779,4.6544247,boletus
-3.9815414,-0.7693423,boletus
16.716862,-1.3807334,boletus
-23.152912,9.675658,boletus
11.308582,3.1281722,boletus
-1.2906052,-6.380752,boletus
-4.9534717,0.39863628,boletus
-2.2517946,-7.2576404,boletus
7.593805,-1.7426654,boletus
-6.687472,6.8041215,boletus
33.29178,-9.92928,boletus
-7.305247,16.202353,boletus
0.136544,-1.6615645,boletus
-5.971333,-2.3148081,boletus
4.9592123,7.10713,boletus
8.581186,-3.1179154,boletus
31.685938,-6.4690557,boletus
-2.5581007,-9.05139,boletus
15.80423,-6.276321,boletus
-14.459936,9.917343,boletus
-1.9292115,14.530177,boletus
-8.909981,2.180701,boletus
18.192078,0.53946024,boletus
-8.769078,9.479002,boletus
-4.012232,11.232377,boletus
-4.2067275,8.016729,boletus
-4.299865,5.8921833,boletus
31.12845,-8.208654,boletus
-17.63352,1.5677758,boletus
11.182185,-1.4524195,boletus
18.832106,-5.144409,boletus
15.277688,-10.302293,boletus
-14.365072,12.656449,boletus
34.285706,-8.455653,boletus
32.77904,-8.504173,boletus
-9.264971,-4.256853,boletus
-8.736002,-8.206584,boletus
8.781186,-1.6742061,boletus
-8.172542,-6.3367963,boletus
-19.842566,1.4254658,boletus
-2.9752882,-6.3327575,boletus
16.906996,-1.3271384,boletus
13.69874,-2.663319,boletus
-3.2558732,11.640723,boletus
-5.8939934,5.1818304,boletus
3.5027118,-7.8263674,boletus
-18.508913,1.9225767,boletus
1.2493876,0.5021205,boletus
-3.3481028,6.3213243,boletus
10.038826,-5.7215,boletus
-3.3846161,2.1385777,boletus
-15.919385,-5.656289,boletus
30.903246,-6.1388054,boletus
-10.290272,-7.7759905,boletus
-5.3373275,4.978068,boletus
29.306234,-7.034503,boletus
4.8432193,-1.0350211,boletus
34.431202,-5.9457273,boletus
-12.09685,8.238317,boletus
-24.032887,1.7666435,boletus
-10.3942795,10.756441,boletus
0.97984385,4.060911,boletus
28.07036,-9.042588,boletus
2.5636923,-3.6271472,boletus
16.647823,-3.4038568,boletus
-4.905544,15.514556,boletus
-18.507238,4.3941255,boletus
-4.73818,-1.7884996,boletus
32.995564,-6.732706,boletus
7.825974,-0.1599377,boletus
-11.440624,4.5507364,boletus
-15.798152,13.6366415,boletus
-13.100872,2.0541105,boletus
11.702006,-1.2442404,boletus
27.65282,-7.051934,boletus
32.702015,-12.816215,boletus
-0.21523537,2.1720226,boletus
-0.3044415,11.404687,boletus
6.7093368,4.5741744,boletus
17.752424,-4.5491576,boletus
9.996096,-1.0244498,boletus
-15.0119,3.2879522,boletus
-15.667567,-1.2123871,boletus
-21.249203,9.309482,boletus
-3.9901733,-1.0339769,boletus
-20.210882,1.31255,boletus
-5.8473997,6.0101023,boletus
-0.39149737,6.408094,boletus
2.4765205,7.4396524,boletus
-5.4104037,5.13884,boletus
7.0517664,-6.377772,boletus
-7.0445914,-7.1652403,boletus
-14.015577,-4.7759905,boletus
-2.5924072,3.2595072,boletus
-15.332859,7.992674,boletus
10.614669,-4.081397,boletus
10.520786,-0.8153164,boletus
-15.774386,-1.23549,boletus
4.1817603,-7.956815,boletus
-7.0090938,-10.2994585,boletus
2.2541726,5.670109,boletus
-13.753882,-2.8553994,boletus
-5.042906,-4.657434,boletus
12.15843,-3.295082,boletus
15.441845,-4.551267,chantelle
8.04261,-4.9403105,chantelle
-18.166304,5.8063264,chantelle
4.076218,-9.39495,chantelle
0.9812295,-7.8615065,chantelle
17.039806,-6.4165072,chantelle
2.599336,-1.2449231,chantelle
0.93910843,-7.3631325,chantelle
-13.665223,7.56424,chantelle
-4.8992066,8.676214,chantelle
11.03899,-9.63081,chantelle
19.751474,-6.9346123,chantelle
29.084425,-9.016746,chantelle
-14.965454,4.9019647,chantelle
-1.7043759,6.8293595,chantelle
3.6264012,-8.912332,chantelle
15.824717,-2.0137904,chantelle
31.497362,-7.895361,chantelle
11.922819,5.551202,chantelle
33.991524,-5.997894,chantelle
-9.815327,8.606737,chantelle
-13.846032,9.36885,chantelle
-15.949137,-2.994593,chantelle
2.5142193,0.9073342,chantelle
15.706613,-0.7255785,chantelle
-6.1401486,8.167023,chantelle
-3.4456038,-8.91309,chantelle
34.31635,-6.8215766,chantelle
-3.459113,0.5126485,chantelle
-0.7090832,-8.398957,chantelle
1.9258953,-6.199897,chantelle
-10.166605,-3.3891203,chantelle
33.108124,-8.727731,chantelle
-0.34652674,-9.18432,chantelle
-2.620184,-13.990078,chantelle
16.63614,-3.8872867,chantelle
16.174694,-5.027891,chantelle
1.334764,-10.238338,chantelle
31.01417,-7.057291,chantelle
10.509837,-0.43939364,chantelle
-19.093983,10.134471,chantelle
-15.2756605,1.1497747,chantelle
-6.4987965,-0.16422343,chantelle
-10.025131,-4.809156,chantelle
-3.322123,-8.230129,chantelle
-21.105663,4.5513873,chantelle
7.5603,-4.560655,chantelle
33.4021,-7.9514194,chantelle
-7.7416754,3.2020674,chantelle
3.0902028,-2.5492592,chantelle
-0.28471023,4.0353885,chantelle
-7.2894483,2.3168113,chantelle
27.957376,-7.4447217,chantelle
31.560959,-9.238186,chantelle
-12.058702,-1.539971,chantelle
33.171288,-7.3102818,chantelle
-10.542594,-2.879192,chantelle
-11.804404,-1.749881,chantelle
10.625293,0.04299987,chantelle
-21.611952,5.6067457,chantelle
4.4258757,-12.018967,chantelle
26.794914,-6.910008,chantelle
-24.684116,1.2816406,chantelle
4.241901,-10.6307745,chantelle
-4.9401064,-2.319198,chantelle
-16.486942,5.366645,chantelle
10.058744,-3.8953235,chantelle
7.7545238,-5.624613,chantelle
3.6930594,-8.541573,chantelle
17.288818,-0.47805858,chantelle
1.7085451,-6.8292217,chantelle
-11.816117,-4.9876122,chantelle
13.015124,2.9762332,chantelle
-1.3570168,-4.305244,chantelle
-13.730103,-11.726157,chantelle
-13.745847,0.2431139,chantelle
13.364558,-5.1869636,chantelle
4.2765555,-3.699092,chantelle
7.4477143,5.283801,chantelle
-11.49635,2.8133914,chantelle
32.10556,-7.361436,chantelle
8.307094,-2.4253752,chantelle
30.48779,-4.8207774,chantelle
33.007683,-7.6533637,chantelle
17.856129,-6.1689262,chantelle
3.8021562,-10.300329,chantelle
3.759488,-9.262283,chantelle
-23.911852,3.4367595,chantelle
6.5114384,-9.146485,chantelle
34.25985,-6.8694983,chantelle
15.39392,-7.7740936,chantelle
32.946945,-8.46706,chantelle
4.055846,-0.48954242,chantelle
3.6806784,-8.880138,chantelle
19.767637,-5.1545753,chantelle
29.478622,-8.789483,chantelle
11.291252,1.5216415,chantelle
-21.752705,6.87352,chantelle
-5.1242256,9.202079,chantelle
2.9171884,-9.741794,chantelle
0.25304967,-0.7861872,chantelle
17.264881,-1.3574837,chantelle
-13.270823,0.7505451,chantelle
1.6969318,-9.477604,chantelle
-15.114267,0.4804236,chantelle
17.685347,-0.90478903,chantelle
0.9368174,0.048495516,chantelle
6.7927017,-12.953461,chantelle
-0.8575442,3.6962876,chantelle
-9.053187,-0.9676246,chantelle
32.629925,-12.843143,chantelle
31.96533,-8.830878,chantelle
16.697594,-2.6352415,chantelle
6.7675285,-4.640964,chantelle
-15.466842,-5.7087207,chantelle
20.561758,-4.0097075,chantelle
7.301867,-10.0258665,chantelle
33.329697,-5.586232,chantelle
-4.432439,-8.13743,chantelle
-15.187386,2.8589427,chantelle
32.059784,-8.254381,chantelle
21.865875,-4.2003765,chantelle
34.175423,-5.7942333,chantelle
9.812857,5.5190277,chantelle
-18.498508,2.322515,chantelle
-14.5331135,5.073924,chantelle
18.328432,-7.132458,chantelle
32.0628,-8.402377,chantelle
11.4186,-5.5959663,chantelle
7.745656,-6.43946,chantelle
-21.540087,2.338858,chantelle
16.489925,-0.5796403,chantelle
2.2238004,-8.825282,chantelle
-1.5649946,4.5359063,chantelle
-9.92331,-3.7136028,chantelle
28.455114,-8.16544,chantelle
4.5052137,-9.829466,chantelle
-4.9313207,-0.49606043,chantelle
-17.60675,2.178573,chantelle
17.875017,-6.1144605,chantelle
25.50957,-6.5228033,chantelle
20.134024,-2.1318727,chantelle
32.676224,-6.7027264,chantelle
2.984697,-10.820672,chantelle
18.290174,-5.277448,chantelle
3.7445376,-9.021072,chantelle
-11.46473,4.613609,chantelle
5.232178,11.437538,chantelle
-14.815998,5.0925784,chantelle
14.89188,-1.9020348,chantelle
32.202564,-7.587705,chantelle
4.2735443,-10.603868,chantelle
33.242043,-5.443746,chantelle
34.09716,-7.1301475,chantelle
-17.887138,4.3878474,chantelle
31.57044,-8.190853,chantelle
22.236547,-2.976581,chantelle
30.416662,-6.144375,chantelle
7.300743,1.912224,chantelle
19.180342,-4.806704,chantelle
-12.21118,0.4338281,chantelle
33.4385,-7.783273,chantelle
0.50923216,-11.6594715,chantelle
-6.1327534,-0.04775398,chantelle
2.4635322,-10.4332485,chantelle
-12.389358,9.434218,chantelle
-18.510805,2.1583867,chantelle
8.364121,2.0607572,chantelle
34.57367,-6.5427165,chantelle
-0.1356694,-9.97922,chantelle
-22.263714,2.786488,chantelle
5.9932423,-8.123404,chantelle
-15.506507,6.3040957,chantelle
4.1873417,-4.1437197,chantelle
-9.270044,-8.930108,chantelle
3.3982265,-4.3868484,chantelle
11.168515,1.0557233,chantelle
-0.7553215,2.1703043,chantelle
17.201412,-5.573451,chantelle
-2.3446665,-12.34616,chantelle
-20.880539,4.493076,chantelle
-1.6137348,-7.373316,chantelle
28.720188,-8.7638035,chantelle
21.772112,-4.131056,chantelle
29.50112,-6.159118,chantelle
33.74936,-9.022666,chantelle
33.554577,-8.043266,chantelle
-6.3829875,-5.0864115,chantelle
22.263662,0.6165261,chantelle
34.54287,-6.4188285,chantelle
34.00168,-6.9690595,chantelle
2.251931,-7.226107,chantelle
-14.100025,10.921388,chantelle
6.9088845,-3.735259,chantelle
17.363169,-2.6123192,chantelle
-13.995021,0.7274139,chantelle
31.809713,-9.754095,chantelle
-7.524667,0.1622378,chantelle
22.10121,-5.087449,chantelle
-3.9305577,-10.53753,chantelle
-2.7885845,-10.854435,chantelle
32.919403,-8.541408,chantelle
11.522776,2.3969655,chantelle
0.942367,-6.2832985,chantelle
32.42818,-9.081384,chantelle
6.28336,3.0135922,chantelle
-16.25849,15.452278,chantelle
-13.509762,9.567291,chantelle
3.0816891,-3.710643,chantelle
-8.586708,17.505861,chantelle
1.5973485,-5.504735,chantelle
1.7947338,-8.706638,chantelle
5.2251916,-7.7639065,chantelle
22.920332,-3.9655135,chantelle
-5.027979,7.7778244,chantelle
3.2383065,5.291591,chantelle
-12.280004,9.098019,chantelle
16.136269,-4.287649,chantelle
2.5932384,-4.2078567,chantelle
-10.004961,-1.1959476,chantelle
-1.6093832,-1.1888595,chantelle
4.436057,-7.145724,chantelle
-13.044976,0.23064598,chantelle
-1.3306112,7.466713,chantelle
4.943008,-8.623578,chantelle
-18.099966,-1.0042125,chantelle
4.244555,-10.640355,chantelle
7.676423,-2.2191548,chantelle
-13.89532,-4.7243543,chantelle
3.480699,-10.185554,chantelle
-11.418161,11.359227,chantelle
4.6941037,-10.085048,chantelle
-6.1723986,3.7097123,chantelle
19.858475,-5.317262,chantelle
-16.84123,0.26106256,chantelle
-2.7208776,-7.7872815,chantelle
-12.64022,6.529228,chantelle
-2.0837479,5.9484234,chantelle
-19.934858,6.821261,chantelle
18.529812,-6.4495244,chantelle
24.029127,-6.566112,deterrimus
-4.3308034,12.781615,deterrimus
-3.0608284,-0.8652429,deterrimus
-12.121206,9.680996,deterrimus
1.0882514,9.096956,deterrimus
6.3319945,-10.299543,deterrimus
-8.583571,10.90085,deterrimus
-0.09228485,-0.31299493,deterrimus
6.913568,4.54975,deterrimus
-10.2608185,-3.1521587,deterrimus
-12.142286,-10.675157,deterrimus
-5.930329,11.982182,deterrimus
-2.2649868,8.183676,deterrimus
-19.152994,9.16616,deterrimus
-10.890066,-3.7619426,deterrimus
12.771546,-12.232739,deterrimus
-14.54506,14.782442,deterrimus
13.243276,-4.2523685,deterrimus
-2.178462,-5.4316807,deterrimus
-4.7976813,-11.504695,deterrimus
3.603549,-4.829772,deterrimus
-17.352222,3.1106036,deterrimus
-14.297587,8.115739,deterrimus
-3.6529572,-12.918911,deterrimus
-12.173392,1.2113858,deterrimus
-8.127965,11.738031,deterrimus
-4.7769413,15.599991,deterrimus
-11.220975,0.63419354,deterrimus
2.1956565,1.0729159,deterrimus
-21.457842,6.3950505,deterrimus
3.6058235,-4.832274,deterrimus
33.140133,-11.802074,deterrimus
6.023913,15.352488,deterrimus
-0.23896325,-2.7385895,deterrimus
9.170035,-0.3501167,deterrimus
16.08081,-1.3958012,deterrimus
-9.421657,7.3112,deterrimus
-11.48052,-3.3415484,deterrimus
2.5670936,-10.269737,deterrimus
4.7728915,-3.9321587,deterrimus
-11.171265,-2.6885085,deterrimus
-0.74601847,-3.9059422,deterrimus
5.638255,2.516101,deterrimus
33.264156,-11.637927,deterrimus
-13.281629,-1.8026787,deterrimus
0.7593918,-1.9428258,deterrimus
-21.577251,6.4714417,deterrimus
-19.79804,6.8740425,deterrimus
17.870012,-1.1746062,deterrimus
-11.1760645,10.445684,deterrimus
-17.283218,1.4815686,deterrimus
-14.920243,4.8975368,deterrimus
-18.879147,5.3031354,deterrimus
-12.35762,-7.977131,deterrimus
13.210218,-6.388651,deterrimus
-3.512836,-7.0352106,deterrimus
5.853616,-3.960685,deterrimus
-16.762335,-0.10252004,deterrimus
-10.433857,11.412924,deterrimus
-5.7751646,-4.1382823,deterrimus
-23.180061,7.2914314,deterrimus
-15.994298,-10.541306,deterrimus
-7.3760514,-8.034824,deterrimus
-7.5002303,3.9896188,deterrimus
-16.868364,4.148438,deterrimus
5.848745,-4.4527435,deterrimus
-15.737115,0.058427718,deterrimus
-0.9662021,-6.73627,deterrimus
-3.0740645,-3.3234491,deterrimus
-4.6222267,-0.76224524,deterrimus
-9.843006,11.125969,deterrimus
-3.5533133,-3.1830275,deterrimus
32.23308,-7.259735,deterrimus
-17.867424,4.291437,deterrimus
11.509792,-3.4169602,deterrimus
32.598988,-9.364407,deterrimus
-15.127546,11.355624,deterrimus
-2.7638693,1.9002445,deterrimus
-5.0196977,-6.05185,deterrimus
-12.996676,1.1741166,deterrimus
-11.050065,13.629372,deterrimus
-1.3502911,8.12478,deterrimus
-10.746953,-10.906728,deterrimus
-16.082745,-4.7863665,deterrimus
-7.548798,-7.521188,deterrimus
4.583326,-12.191219,deterrimus
19.327007,10.340192,deterrimus
-15.704046,10.167664,deterrimus
-15.823397,2.696945,deterrimus
-10.3185625,4.8431654,deterrimus
-14.344753,1.2331434,deterrimus
8.612452,-2.5391572,deterrimus
-17.82882,7.744875,deterrimus
5.8176203,-5.1632733,deterrimus
16.265194,-2.16185,deterrimus
-12.765634,4.4439263,deterrimus
-7.9027452,1.022639,deterrimus
17.929249,-1.3666126,deterrimus
-6.1532345,11.360151,deterrimus
-7.304828,6.828902,deterrimus
-19.961208,8.60375,deterrimus
-1.533662,-11.667619,deterrimus
-0.6791894,-10.582708,deterrimus
19.748676,10.449638,deterrimus
-15.714132,-4.6663637,deterrimus
7.9725165,-3.6831388,deterrimus
-0.76303834,-7.672084,deterrimus
-9.518237,12.994188,deterrimus
-7.8640323,13.384194,deterrimus
-11.644779,-8.542718,deterrimus
-2.2913451,-4.62327,deterrimus
-14.680331,13.33471,deterrimus
-8.193924,-5.385891,deterrimus
6.4953094,-2.7741191,deterrimus
-15.741514,-4.7702594,deterrimus
27.40994,-6.3346663,deterrimus
20.184679,2.4319925,deterrimus
11.579628,-6.84912,deterrimus
-8.121713,3.9655857,deterrimus
-13.808643,9.554853,deterrimus
29.445196,-8.149772,deterrimus
8.216727,1.3016887,deterrimus
-15.7915945,-4.7079988,deterrimus
-10.8564205,3.488013,deterrimus
-11.72611,7.047924,deterrimus
9.15219,-4.284026,deterrimus
34.38134,-6.382707,deterrimus
19.46641,10.579053,deterrimus
-15.32561,5.284535,deterrimus
7.109444,-8.934828,deterrimus
-20.639435,3.6592398,deterrimus
8.907686,-2.0210438,deterrimus
-8.523879,-5.822821,deterrimus
-12.348486,-1.8839849,deterrimus
-6.140201,-5.568141,deterrimus
-19.093956,6.54019,deterrimus
-12.777503,13.91322,deterrimus
2.4982414,-4.453529,deterrimus
-19.67085,12.337575,deterrimus
-20.721039,6.467515,deterrimus
-21.383045,8.6777,deterrimus
-3.764311,-4.965545,deterrimus
-10.2813635,11.788941,deterrimus
12.217506,-4.8104553,deterrimus
-12.709928,2.8372722,deterrimus
10.097247,3.6202343,deterrimus
-15.651566,-4.266428,deterrimus
-2.6739733,-5.539899,deterrimus
-17.73197,-4.6513596,deterrimus
13.396271,-7.138831,deterrimus
28.5474,-10.160944,deterrimus
13.3109,-8.895705,deterrimus
-4.1174703,2.0979457,deterrimus
-11.457316,0.52357364,deterrimus
31.901234,-9.803579,deterrimus
-6.1785817,11.155944,deterrimus
-13.120409,-5.891217,deterrimus
-13.789755,7.6489553,deterrimus
9.19897,2.3793476,deterrimus
-9.234774,12.682498,deterrimus
-8.624534,-4.391168,deterrimus
-20.361752,-0.13966139,deterrimus
-1.1811537,13.074725,deterrimus
-10.8401985,-1.2987522,deterrimus
-15.2621765,-9.058599,deterrimus
-13.052529,2.035772,deterrimus
-9.825962,-3.6187959,deterrimus
18.920574,4.112404,deterrimus
3.1426387,-0.71119696,deterrimus
-23.063633,-2.09967,deterrimus
0.46724173,-10.776755,deterrimus
-0.9884914,1.8999804,deterrimus
16.55599,0.08892679,deterrimus
3.0978546,-10.487568,deterrimus
-9.651462,11.917717,deterrimus
-14.083574,1.2151104,deterrimus
-10.210165,16.03191,deterrimus
-17.96446,8.419643,deterrimus
-11.68978,3.834007,deterrimus
2.8237486,0.61968863,deterrimus
12.53905,2.0406508,deterrimus
33.196,-11.775893,deterrimus
-12.645307,12.145402,deterrimus
-15.748539,-2.8093278,deterrimus
-3.0587168,-0.8695974,deterrimus
-21.380064,8.676412,deterrimus
6.0243125,15.352339,deterrimus
-10.862703,10.934935,deterrimus
11.202632,-0.51950234,deterrimus
5.6279097,1.4040084,deterrimus
4.588986,-3.0038106,deterrimus
10.740798,-13.076772,deterrimus
-12.738509,13.9869175,deterrimus
11.0801325,3.0941257,deterrimus
-15.968505,9.720173,deterrimus
22.4933,-3.8652837,deterrimus
-3.3376021,-0.16971037,deterrimus
-18.078194,2.0552104,deterrimus
-3.1197116,5.327057,deterrimus
-3.6730735,1.377275,deterrimus
-12.480779,4.5160627,deterrimus
33.89318,-7.4700203,deterrimus
-9.189516,12.07284,deterrimus
-15.052411,6.495798,deterrimus
12.770381,-12.229561,deterrimus
-17.108267,9.878917,deterrimus
-9.13768,-4.0782886,deterrimus
-5.6532197,-0.8243055,deterrimus
-5.1227317,-3.0767887,deterrimus
9.8761015,2.7944949,deterrimus
13.0779915,1.8954334,deterrimus
17.367218,-1.6684308,deterrimus
-10.988694,8.525062,deterrimus
-15.972536,5.2907085,deterrimus
1.0275269,3.600578,deterrimus
-15.835815,10.306856,deterrimus
-8.42831,-5.782039,deterrimus
-12.204753,-1.3836658,deterrimus
-10.316921,7.7477293,deterrimus
16.473326,-2.379433,deterrimus
-11.219868,-4.7677174,deterrimus
-2.9848294,-6.2706246,deterrimus
3.3318279,1.6509808,rufus
21.056637,1.9239646,rufus
20.98271,1.939323,rufus
14.662825,-3.0553546,rufus
-3.1740456,-4.387488,rufus
8.698511,-3.4905462,rufus
1.8646517,-0.6185618,rufus
4.046147,8.886145,rufus
3.3438563,-2.4964135,rufus
20.027647,-4.1796174,rufus
-0.22197975,-7.4796224,rufus
-15.339659,11.278897,rufus
19.333347,9.6050415,rufus
-14.722927,0.9859917,rufus
-6.0183234,-0.1582667,rufus
-0.109453104,10.184729,rufus
20.811285,2.295068,rufus
-7.605871,11.242256,rufus
-10.513576,3.5955625,rufus
24.783562,-6.949268,rufus
-0.7466142,-6.394518,rufus
21.277176,-6.5860972,rufus
1.3625374,-4.4720893,rufus
-5.4091434,1.6255361,rufus
3.2010317,1.4999664,rufus
-12.121103,11.276639,rufus
12.187958,-6.3423285,rufus
-0.8968262,-0.23833124,rufus
-2.5309527,-3.5836265,rufus
3.471612,9.461215,rufus
-0.54692817,-1.71166,rufus
-1.3209324,-2.9795575,rufus
-6.186639,2.944766,rufus
-6.1357255,-1.8201038,rufus
-3.0680287,1.0359497,rufus
6.494351,-4.181859,rufus
-1.129296,9.684739,rufus
19.161493,8.703985,rufus
-1.7987424,7.7516766,rufus
-17.363398,2.8388095,rufus
-11.8023405,-3.7079184,rufus
-13.646945,1.5475516,rufus
3.8142297,0.5441183,rufus
-6.6138554,0.7072199,rufus
0.3106878,-7.159864,rufus
-13.048191,6.570992,rufus
2.2596126,0.65025634,rufus
12.096085,-8.374295,rufus
30.502815,-5.1205235,rufus
-0.30564517,7.9457717,rufus
9.864589,-1.7287365,rufus
-0.3545192,0.4247684,rufus
27.40631,-8.734426,rufus
8.011434,-8.660728,rufus
-9.046502,7.8439503,rufus
10.356838,2.5561938,rufus
3.485699,-0.8950897,rufus
14.438913,2.4755552,rufus
9.127157,4.2844095,rufus
-1.1309143,5.264191,rufus
-7.2754626,-3.2603385,rufus
-5.9527493,9.629168,rufus
3.355692,0.7388212,rufus
-12.68612,11.635593,rufus
-12.287616,-1.1740009,rufus
10.099309,-1.1635944,rufus
-17.4933,0.8440331,rufus
-6.534239,-3.2262228,rufus
7.944298,-3.1027222,rufus
19.367916,-5.1345224,rufus
-7.135768,0.527443,rufus
12.539199,3.6457393,rufus
-5.3927207,0.97360945,rufus
-1.6798754,1.9743881,rufus
0.09515232,7.5859914,rufus
-7.7430453,-4.4735494,rufus
12.399858,-0.80323595,rufus
2.2009783,4.5006404,rufus
-2.3086019,-0.15098058,rufus
-19.34399,-3.844353,rufus
-8.90562,8.523829,rufus
3.52401,-5.270762,rufus
32.83141,-12.40256,rufus
-4.685509,1.9666525,rufus
5.2089796,2.9406013,rufus
-0.6121478,-5.2203035,rufus
-1.2349752,-6.5259376,rufus
8.511852,0.95263195,rufus
-4.4214973,-15.950542,rufus
-16.536629,3.6550605,rufus
15.073372,0.13425645,rufus
1.3660376,1.268461,rufus
2.5967681,2.4966753,rufus
13.359229,-8.674243,rufus
12.26864,1.8965551,rufus
5.5307474,5.486352,rufus
-8.328066,-0.51177925,rufus
9.252539,-4.6709123,rufus
-10.729039,14.974113,rufus
6.2182856,-6.104557,rufus
-1.1438359,-5.853472,rufus
-2.0997896,3.9873488,rufus
34.369724,-6.036961,rufus
-22.706161,1.2443782,rufus
17.402897,-1.8731589,rufus
-5.0181713,3.0608094,rufus
-1.5518156,7.887624,rufus
-15.417254,2.8629615,rufus
4.504258,-12.366689,rufus
3.7109478,-13.5463085,rufus
-16.3387,5.131437,rufus
-10.535563,10.831477,rufus
27.005362,-7.3784423,rufus
7.5540643,-2.6669955,rufus
16.129135,-2.892187,rufus
-3.6937013,3.1227682,rufus
22.44378,-7.2531977,rufus
12.78103,-1.3600112,rufus
-4.881425,6.0281463,rufus
-7.853608,8.337031,rufus
7.983529,2.1030133,rufus
-14.4386015,4.2048135,rufus
-17.6778,0.61418045,rufus
8.330372,-14.997589,rufus
3.120991,1.3797448,rufus
28.523218,-7.577663,rufus
-12.008101,-0.7499595,rufus
0.67347217,2.5082245,rufus
8.839492,-2.3530753,rufus
-17.062674,1.8703249,rufus
18.754177,-1.4871459,rufus
18.27366,-3.3486845,rufus
-19.033136,2.0819788,rufus
-6.383867,-10.072235,rufus
-9.2137575,0.7194974,rufus
-9.976245,13.149317,rufus
-4.849501,-3.7087026,rufus
-19.40014,2.7136729,rufus
1.9508888,2.339079,rufus
16.041063,-2.2250407,rufus
7.5856414,0.8348023,rufus
-15.856005,6.249466,rufus
0.3888623,-6.6098113,rufus
2.2493885,0.7810266,rufus
-6.06818,8.860098,rufus
8.163578,-2.934486,rufus
-3.603008,-4.046061,rufus
20.656456,-4.319101,rufus
-18.026619,3.6576326,rufus
-6.522519,-1.1383877,rufus
9.678288,1.1190057,rufus
20.987516,2.018377,rufus
-10.323779,14.266044,rufus
-20.33874,-5.7417006,rufus
7.870416,-4.9762325,rufus
21.025566,1.8677161,rufus
-12.5882,13.786692,rufus
14.792542,-2.5090504,rufus
19.194027,3.5221763,rufus
32.700645,-13.047176,rufus
-10.070548,-9.835591,rufus
13.102619,1.1114961,rufus
-22.486042,3.27332,rufus
4.5544314,-2.0053804,rufus
-5.7532277,-1.1610311,rufus
-4.3571286,-6.1340146,rufus
29.103355,-10.552382,rufus
-16.29172,1.344504,rufus
0.34332564,4.57056,rufus
-13.003482,7.6473303,rufus
-5.025641,-10.568177,rufus
0.53124493,1.448861,rufus
9.372014,-2.7215579,rufus
-16.048729,0.9030397,rufus
0.37292978,-4.472808,rufus
11.3873005,-3.206115,rufus
-16.425909,1.9983658,rufus
-14.388174,1.6419598,rufus
-3.834341,-5.1207414,rufus
-10.781634,-0.13864195,rufus
-6.0096684,-1.9209282,rufus
18.601955,-6.0204687,rufus
-8.656035,15.732296,rufus
1.3752905,-1.3774778,rufus
-11.200438,5.667984,rufus
-0.05789842,-5.3095727,rufus
-0.5902142,-5.3116755,rufus
-4.527785,3.6254003,rufus
-2.392189,1.2844237,rufus
-1.7069358,-2.4964206,rufus
2.9448178,-0.85901064,rufus
-10.808888,12.17911,rufus
-2.2716098,2.8737683,rufus
3.1464198,11.47205,rufus
15.54968,-1.7674916,rufus
-0.9229566,13.230918,rufus
1.1833594,15.135917,rufus
-23.248978,4.157116,rufus
8.330123,-14.997803,rufus
19.910475,-4.3122087,rufus
1.0433267,0.1973916,rufus
27.452347,-7.757762,rufus
-17.990948,-2.9893978,rufus
-11.516785,2.0813036,rufus
-12.687752,-3.2681742,rufus
3.0361974,-8.075281,rufus
-7.9170384,-6.504194,rufus
2.5181284,1.9811426,rufus
-9.087117,-10.011062,rufus
12.071961,-0.40143722,rufus
-1.2516061,-6.8443856,rufus
-10.314003,12.565073,rufus
-3.0360484,6.777792,rufus
31.478754,-10.758853,rufus
-1.8368386,-10.746076,rufus
3.4235158,-6.91361,rufus
-0.96055293,-12.869241,rufus
-5.1025996,4.8399,rufus
-4.420371,-15.952246,rufus
16.529804,-5.526609,rufus
-0.34184763,17.133947,rufus
-4.322367,9.280673,rufus
4.7630925,-9.174374,rufus
-1.9713414,8.456597,rufus
10.71138,-6.8290987,rufus
18.947704,-3.650791,rufus
29.247766,-7.330196,rufus
-14.620211,8.629753,torminosus
-16.977474,-6.943224,torminosus
-14.731344,-4.8847203,torminosus
33.73922,-5.54057,torminosus
19.50671,-4.735393,torminosus
-13.900264,8.25369,torminosus
-8.16425,9.15944,torminosus
32.1482,-9.994642,torminosus
-8.56864,-8.721705,torminosus
4.2900634,-5.6692624,torminosus
-2.0812109,-2.3230324,torminosus
-19.593554,7.301837,torminosus
-17.563204,10.835942,torminosus
-21.33613,-1.0204136,torminosus
-8.071144,9.766826,torminosus
-18.848913,2.8884082,torminosus
-9.107763,-4.065092,torminosus
-9.414433,9.429402,torminosus
-0.7080241,10.758302,torminosus
-8.166635,-6.386529,torminosus
-17.011042,4.3992634,torminosus
-7.1362195,-8.332824,torminosus
30.868996,-11.479877,torminosus
12.84875,7.905183,torminosus
-19.353758,10.728239,torminosus
-7.1108994,-5.915834,torminosus
14.129749,-5.6290007,torminosus
-17.108637,8.725401,torminosus
-16.653898,-1.064433,torminosus
8.656184,-0.60540694,torminosus
4.4272346,1.0173662,torminosus
-15.590316,11.45655,torminosus
29.747091,-7.888697,torminosus
9.29215,-0.89515024,torminosus
-0.27627054,-5.2394896,torminosus
-19.60723,1.7825645,torminosus
10.364612,-4.4825807,torminosus
12.961866,7.9228497,torminosus
-0.7033434,-4.9137964,torminosus
-2.9582558,7.919261,torminosus
-6.518726,-8.87283,torminosus
1.9036553,-1.7283363,torminosus
4.9879756,-6.373661,torminosus
9.188516,-9.789358,torminosus
16.747396,-7.5499325,torminosus
0.03639447,8.864684,torminosus
33.980938,-8.520038,torminosus
-3.7097564,3.9720984,torminosus
12.928442,7.969302,torminosus
-3.9126525,6.70032,torminosus
-2.2339203,9.707704,torminosus
-1.5293411,10.521898,torminosus
32.689972,-12.074991,torminosus
-7.477209,-7.1328325,torminosus
-3.1732447,7.4563513,torminosus
-13.078833,2.0733001,torminosus
-3.7034287,12.556285,torminosus
-2.5802543,6.5050817,torminosus
8.942783,6.1315775,torminosus
-19.019987,6.776305,torminosus
-8.82284,-2.9419196,torminosus
7.021004,7.146195,torminosus
16.049097,3.695552,torminosus
-19.642313,5.134216,torminosus
-1.1379925,-9.0151825,torminosus
24.38561,-5.0615544,torminosus
-7.0964165,2.873475,torminosus
-18.760963,5.0705047,torminosus
8.5931,-7.7625847,torminosus
-19.547497,10.660327,torminosus
-5.2538857,13.266173,torminosus
-12.644149,5.213759,torminosus
-12.316365,7.1730227,torminosus
-7.2762876,-7.6570983,torminosus
6.333608,-3.2675095,torminosus
3.0330343,-10.412766,torminosus
-7.137998,-7.714135,torminosus
7.505083,7.696693,torminosus
18.408655,10.552993,torminosus
-6.599891,14.880734,torminosus
-6.944689,7.2526226,torminosus
-5.801591,-4.5312448,torminosus
-18.497742,0.36803225,torminosus
-8.798884,-6.6577554,torminosus
-14.548056,7.128731,torminosus
6.027582,5.86973,torminosus
-21.758595,0.42712295,torminosus
4.1850004,13.305092,torminosus
8.918595,-12.418943,torminosus
-8.979266,-9.170107,torminosus
-2.08192,13.2330265,torminosus
-7.226503,-6.019483,torminosus
10.201579,8.455577,torminosus
-18.093695,0.0054810047,torminosus
-9.649551,-3.7674644,torminosus
9.856817,-9.249489,torminosus
6.554074,-7.406934,torminosus
19.233854,3.6395319,torminosus
-8.844378,6.207632,torminosus
-17.019676,2.7506325,torminosus
-3.085569,12.203002,torminosus
-11.219355,10.66185,torminosus
-9.311554,9.555042,torminosus
-7.912921,9.05048,torminosus
-11.495613,9.392241,torminosus
-2.293668,9.944962,torminosus
-11.014302,11.296079,torminosus
11.25526,-3.2816815,torminosus
6.569106,-2.5338347,torminosus
-1.1948214,1.7572092,torminosus
-8.837758,-3.835549,torminosus
-18.426657,8.391935,torminosus
6.289012,-11.152578,torminosus
-11.47541,12.27682,torminosus
9.641592,-4.865446,torminosus
19.350878,10.445332,torminosus
9.069255,-9.920076,torminosus
-7.842552,1.817827,torminosus
-12.674834,6.2689786,torminosus
-3.8647792,9.941165,torminosus
-19.808084,5.447641,torminosus
33.221443,-8.900594,torminosus
0.9331694,11.593395,torminosus
-5.707735,11.365488,torminosus
-13.769704,5.3385572,torminosus
-12.380286,7.1642323,torminosus
-13.650858,9.737948,torminosus
-7.456867,-7.7407956,torminosus
-18.823448,7.950486,torminosus
-3.746815,9.953603,torminosus
-20.168036,3.8242517,torminosus
12.826794,8.082591,torminosus
5.194651,5.831482,torminosus
-10.973771,6.6065497,torminosus
-18.70444,6.8164473,torminosus
31.77012,-7.5847707,torminosus
19.218683,-6.4285364,torminosus
-13.660275,11.8852825,torminosus
-18.46736,12.005374,torminosus
-10.552769,8.3336525,torminosus
9.20819,-10.601303,torminosus
-8.752974,6.375428,torminosus
33.78662,-7.586545,torminosus
-15.2014475,5.252518,torminosus
-11.661403,13.554967,torminosus
-15.419583,-5.9117026,torminosus
-2.7725751,10.304047,torminosus
-11.835832,16.744335,torminosus
-0.1349131,-3.9002655,torminosus
0.7792451,10.4755945,torminosus
-1.0185747,12.2630825,torminosus
-13.564405,9.634177,torminosus
8.864002,-8.974865,torminosus
3.6361725,1.0883788,torminosus
8.1658535,7.227353,torminosus
-1.1298339,8.558085,torminosus
-15.670509,0.6974437,torminosus
-16.166342,-1.2939206,torminosus
2.6611888,15.115861,torminosus
-6.5658846,14.992459,torminosus
-5.6153064,3.543291,torminosus
1.5220196,-3.6223068,torminosus
-13.929229,9.915311,torminosus
-19.569548,13.644513,torminosus
-15.886443,8.674857,torminosus
-19.516924,12.690144,torminosus
-4.47814,-6.222495,torminosus
29.581133,-6.573803,torminosus
-2.5462554,-2.102752,torminosus
-18.081198,0.6893739,torminosus
-19.01829,6.263067,torminosus
2.103002,12.391381,torminosus
-20.409317,5.138362,torminosus
-0.58218104,-4.1229777,torminosus
-14.104861,7.4361925,torminosus
0.54861253,12.4550705,torminosus
0.13709824,0.09429264,torminosus
-9.341083,-9.261629,torminosus
-2.8837507,13.549379,torminosus
-10.761083,-10.985165,torminosus
-19.572605,14.141347,torminosus
31.971394,-7.3690734,torminosus
-0.462825,-11.744608,torminosus
-17.68991,5.8674083,torminosus
-15.339339,2.0926564,torminosus
7.847899,-0.9668316,torminosus
-16.614273,-5.184934,torminosus
3.2188106,7.10783,torminosus
-21.489742,11.483577,torminosus
-8.634222,-1.7221352,torminosus
-1.5761826,13.140883,torminosus
5.133739,-5.447102,torminosus
10.931963,5.5802097,torminosus
-6.332518,-9.028463,torminosus
0.2761917,-9.042303,torminosus
-12.770972,9.423224,torminosus
33.413437,-8.960794,torminosus
-12.328478,5.870022,torminosus
-5.009866,6.09251,torminosus
-0.76733506,3.1921577,torminosus
-17.782354,1.9833813,torminosus
16.045685,3.7017639,torminosus
25.139793,-4.750298,torminosus
-19.411215,3.20085,torminosus
8.381124,-1.344449,torminosus
-19.555399,12.599567,torminosus
-17.982153,7.996934,torminosus
11.449894,-11.346619,torminosus
6.623151,-5.2417774,torminosus
31.28143,-9.133015,torminosus
-10.554568,5.549353,torminosus
1.1167402,9.243226,torminosus
-16.747755,5.085379,torminosus
-20.37727,3.6975043,torminosus
-1.734634,7.9881988,torminosus
-15.865255,4.3565626,torminosus
-17.11252,11.748035,torminosus
32.74815,-12.829729,torminosus
0.5302827,12.438517,torminosus
-8.76114,-6.405771,torminosus
-18.926628,6.997242,torminosus
-19.42615,12.640419,torminosus
12.135766,9.218304,torminosus
3.7383382,-6.304815,torminosus
1.3070227,-3.6563692,torminosus
-0.8891271,9.774974,torminosus
-10.765315,-10.941495,torminosus
15.471874,-5.443428,torminosus
-19.696283,2.6655507,torminosus
-7.1995454,9.016625,torminosus
-1.8683095,-4.152374,torminosus
-3.437961,9.86222,torminosus
-5.85219,-4.873448,torminosus
-23.078043,3.2264318,torminosus
-18.666683,13.747037,torminosus
-13.546938,13.028277,torminosus
-12.611614,6.6484327,torminosus
3.003678,-7.970772,torminosus
-8.8924675,8.680975,torminosus
-3.6730208,10.812495,torminosus
6.768174,0.51116294,aurantiacum
30.56277,-6.361363,aurantiacum
5.7718883,-5.8473725,aurantiacum
-0.9413012,0.9630705,aurantiacum
-12.552973,1.9808699,aurantiacum
6.972139,-3.8647635,aurantiacum
30.373083,-7.72232,aurantiacum
-5.6067567,-5.155015,aurantiacum
19.293707,10.1064,aurantiacum
30.856186,-6.8598557,aurantiacum
20.333643,-4.0894995,aurantiacum
-5.3672547,-0.7791717,aurantiacum
4.7162824,-0.27672362,aurantiacum
15.447177,-0.81910735,aurantiacum
10.481332,0.5753665,aurantiacum
5.026455,-4.9146833,aurantiacum
-12.1101055,9.811931,aurantiacum
-4.3114166,-1.2454555,aurantiacum
4.121262,-0.98242754,aurantiacum
18.832054,2.775692,aurantiacum
19.042898,3.0153496,aurantiacum
-0.54544437,-6.7657747,aurantiacum
-11.416299,-5.4906683,aurantiacum
1.0506438,-9.661834,aurantiacum
31.680098,-6.734443,aurantiacum
-15.292071,-5.096635,aurantiacum
-14.263423,1.1242328,aurantiacum
6.289185,-1.1276728,aurantiacum
-4.980873,4.7925243,aurantiacum
13.715177,-1.5351759,aurantiacum
10.051388,-2.595264,aurantiacum
-14.307024,6.2304153,aurantiacum
-6.7424884,6.7937946,aurantiacum
-0.022482319,-4.598619,aurantiacum
34.838123,-8.0004015,aurantiacum
2.7006788,-1.9079416,aurantiacum
0.80624855,-4.8325334,aurantiacum
3.8280623,-2.9216046,aurantiacum
7.169564,-5.3755774,aurantiacum
-22.44701,3.7614295,aurantiacum
12.291535,3.2732327,aurantiacum
20.885164,-3.2628176,aurantiacum
-16.789896,0.7612094,aurantiacum
-15.172951,-7.8842635,aurantiacum
-2.791722,-5.164451,aurantiacum
3.1850696,11.754271,aurantiacum
19.226322,10.304439,aurantiacum
-3.737398,7.709745,aurantiacum
-13.474821,10.32946,aurantiacum
23.406483,-6.346991,aurantiacum
0.8598599,5.73768,aurantiacum
13.225605,-5.969994,aurantiacum
-1.2839675,-4.947187,aurantiacum
-17.85977,-4.344588,aurantiacum
15.474266,0.7394469,aurantiacum
10.633888,1.6128912,aurantiacum
-17.66692,6.6152544,aurantiacum
-8.805258,7.68135,aurantiacum
12.423851,0.07843858,aurantiacum
-14.853731,-2.9139817,aurantiacum
13.814244,0.822488,aurantiacum
-14.408581,-0.6334817,aurantiacum
-7.9449553,-0.24431977,aurantiacum
0.102746435,2.6858814,aurantiacum
30.807802,-8.574821,aurantiacum
8.292238,2.4969692,aurantiacum
18.809324,-4.369656,aurantiacum
2.7759628,3.8026698,aurantiacum
5.277303,1.3326768,aurantiacum
11.246442,-1.056293,aurantiacum
-4.9268985,-1.4477544,aurantiacum
-5.440946,-0.08353364,aurantiacum
13.810168,-7.4671226,aurantiacum
18.727417,10.295531,aurantiacum
-5.920382,1.7290238,aurantiacum
7.804131,9.544094,aurantiacum
-20.662172,1.3171015,aurantiacum
-0.29742387,3.041824,aurantiacum
-1.4899457,-6.853116,aurantiacum
10.492167,-6.113905,aurantiacum
1.0292481,6.4827776,aurantiacum
16.78533,-2.3829906,aurantiacum
1.8412398,-0.31226566,aurantiacum
9.977496,-4.7409253,aurantiacum
-3.002987,-6.82983,aurantiacum
-18.169931,4.4971733,aurantiacum
0.6299908,-8.544228,aurantiacum
1.4976383,1.0417421,aurantiacum
7.657775,-5.4392343,aurantiacum
-5.4849687,-12.4771385,aurantiacum
-7.4701114,-2.995161,aurantiacum
1.4015812,7.421183,aurantiacum
1.7428596,4.6749134,aurantiacum
0.60179704,0.75292397,aurantiacum
5.439116,-0.6249556,aurantiacum
9.395754,-3.5135143,aurantiacum
10.6498,-1.9107356,aurantiacum
-6.65031,-8.142627,aurantiacum
4.666144,1.7868379,aurantiacum
-11.446364,2.0616393,aurantiacum
-18.317652,2.017351,aurantiacum
-14.387505,7.5211964,aurantiacum
-19.180624,-0.80862147,aurantiacum
30.825865,-7.257675,aurantiacum
-13.880152,2.9856424,aurantiacum
-9.071085,4.8125887,aurantiacum
32.51172,-12.879592,aurantiacum
-7.945353,9.013863,aurantiacum
-0.12758936,-0.9277161,aurantiacum
6.849587,-6.189416,aurantiacum
8.686467,-0.37711006,aurantiacum
-4.2734365,-3.3541098,aurantiacum
12.849995,-1.3243672,aurantiacum
20.870895,2.2971356,aurantiacum
23.017477,-4.7129736,aurantiacum
27.611956,-8.528116,aurantiacum
13.985211,2.4127185,aurantiacum
-0.0062728617,-7.7870426,aurantiacum
13.4767,-8.672041,aurantiacum
-0.20257232,5.2095995,aurantiacum
3.9361718,1.9493897,aurantiacum
19.600105,-3.4032214,aurantiacum
19.214945,9.575252,aurantiacum
-16.04622,2.1506922,aurantiacum
29.933844,-6.875788,aurantiacum
7.822236,3.8148715,aurantiacum
-14.61495,0.6859365,aurantiacum
-4.6921234,-6.512784,aurantiacum
0.780919,5.7675986,aurantiacum
12.775638,-4.9170475,aurantiacum
21.158134,1.8747094,aurantiacum
2.2560065,0.6578959,aurantiacum
-15.07273,-0.4350539,aurantiacum
18.263184,2.646885,aurantiacum
19.970402,2.7359104,aurantiacum
-1.3280352,1.1041185,aurantiacum
-11.186608,-2.9678512,aurantiacum
-8.396716,5.1651382,aurantiacum
-10.061157,-0.123163,aurantiacum
-6.8384743,-1.5170004,aurantiacum
-6.60779,-0.9951985,aurantiacum
12.23745,-4.123012,aurantiacum
-1.7590299,3.6897883,aurantiacum
-0.65356266,4.763589,aurantiacum
10.2379265,1.1737826,aurantiacum
32.27335,-6.5092096,aurantiacum
-22.939777,3.0586956,aurantiacum
-14.991308,-1.4171299,aurantiacum
-8.442661,-0.121661186,aurantiacum
22.937134,-4.9481235,aurantiacum
30.945671,-7.4804783,aurantiacum
-18.293211,3.177645,aurantiacum
-9.904475,13.26923,aurantiacum
27.00938,-9.134527,aurantiacum
-16.705559,-2.8152807,aurantiacum
-20.341284,1.2817378,aurantiacum
6.536934,-1.3972672,aurantiacum
-21.28736,2.4611735,aurantiacum
5.307404,-0.39181447,aurantiacum
10.647166,-1.8309292,aurantiacum
-10.92126,7.6024504,aurantiacum
1.4981827,2.1029284,aurantiacum
9.480748,-7.1269755,aurantiacum
-11.080439,-0.9005021,aurantiacum
7.1261716,0.9509996,aurantiacum
-9.930414,-3.6674223,aurantiacum
5.5159993,-1.9437413,aurantiacum
-14.59565,5.7998576,aurantiacum
-9.852189,13.018663,aurantiacum
-0.24381,0.45775768,aurantiacum
17.680906,-3.3033576,aurantiacum
19.170862,4.431329,aurantiacum
-2.671398,3.5014224,aurantiacum
-1.7379013,-5.9639897,aurantiacum
-10.059901,0.3568031,aurantiacum
10.557899,0.37776387,aurantiacum
12.563066,-3.5559907,aurantiacum
-11.709108,5.1048217,aurantiacum
4.7982454,3.95991,aurantiacum
27.029886,-10.303202,aurantiacum
3.219313,-2.3072016,aurantiacum
6.9236326,-2.2498894,aurantiacum
-3.51785,4.607215,aurantiacum
-19.919298,9.707728,aurantiacum
8.407584,-5.4935765,aurantiacum
-17.55551,-3.036633,aurantiacum
-4.1684685,0.08952782,aurantiacum
7.771143,2.420163,aurantiacum
19.171982,3.375093,aurantiacum
-17.959782,1.3376809,aurantiacum
8.491946,-3.2539208,aurantiacum
2.117068,-12.426887,aurantiacum
-23.426998,1.980488,aurantiacum
31.32648,-5.862698,aurantiacum
0.31347707,6.6890917,aurantiacum
0.5837428,1.6026317,aurantiacum
-1.9426951,-1.7776282,aurantiacum
-11.459944,1.9643046,aurantiacum
-3.809629,-3.7832663,aurantiacum
-3.188715,-9.710452,aurantiacum
-7.752939,-1.0343424,aurantiacum
8.981257,3.238484,aurantiacum
-11.4914875,0.062868245,aurantiacum
9.504963,-1.2257049,aurantiacum
10.678949,6.642227,aurantiacum
12.683546,-2.259676,aurantiacum
-1.5743047,6.0320725,aurantiacum
-9.764637,3.1459327,aurantiacum
2.593683,7.61609,aurantiacum
-2.1719759,-7.655584,aurantiacum
-11.486494,15.1518955,aurantiacum
-9.932746,6.1082306,aurantiacum
31.347324,-5.721479,aurantiacum
4.6048365,-6.0371265,aurantiacum
4.012251,4.3763022,aurantiacum
19.036484,-3.7316124,aurantiacum
19.7731,-4.7083755,aurantiacum
20.42681,-5.08826,aurantiacum
-13.153186,-9.648651,aurantiacum
-4.818945,-6.8705997,aurantiacum
11.652975,4.0249267,aurantiacum
9.482909,-1.7807072,aurantiacum
18.352703,-4.983805,aurantiacum
2.4450822,8.067883,aurantiacum
18.90111,-4.4447365,aurantiacum
33.08476,-7.854456,aurantiacum
7.8452587,-1.9612337,aurantiacum
2.7336705,0.7689593,aurantiacum
-7.5409064,-13.871686,aurantiacum
-17.724339,2.2392447,aurantiacum
-9.962913,1.7483819,aurantiacum
-15.167534,-1.7755568,aurantiacum
-0.24543303,2.4381714,aurantiacum
-7.316052,4.3898606,aurantiacum
14.866771,2.3966303,aurantiacum
-8.676448,-2.1770675,aurantiacum
30.605469,-7.949943,aurantiacum
4.520895,-4.782305,aurantiacum
-12.986917,8.652294,procera
31.319553,-9.988266,procera
16.097153,-9.147441,procera
-7.420981,4.377162,procera
13.542299,-5.578126,procera
10.324725,-3.418426,procera
5.8716288,-6.86347,procera
12.450308,2.589459,procera
-0.63258845,12.013028,procera
0.7158128,10.664654,procera
10.088968,-1.5463965,procera
14.854544,-5.797056,procera
11.815093,-2.4881277,procera
30.841785,-9.7466345,procera
-15.553943,8.868971,procera
-1.9730783,14.45778,procera
29.739279,-9.601572,procera
-2.9425201,4.1366925,procera
-24.128227,7.0433693,procera
-4.4621716,9.950168,procera
-6.569697,9.493267,procera
31.72087,-9.741067,procera
-11.480585,-4.9429193,procera
0.3465755,8.160157,procera
-21.214075,2.123598,procera
19.246355,10.694529,procera
-12.707713,2.0019653,procera
0.7395259,-1.7523142,procera
-3.2460303,11.574579,procera
-16.505476,2.8419366,procera
13.222279,7.813968,procera
-3.8080733,8.513335,procera
-21.534397,11.550489,procera
-12.312577,-5.3477654,procera
2.2268326,7.6606874,procera
9.985837,1.5469918,procera
14.685689,3.1432683,procera
-2.5735202,4.2566695,procera
-7.995523,10.007379,procera
2.3309474,7.5551767,procera
3.2911794,6.9240637,procera
13.040633,2.8931432,procera
20.759998,-4.442179,procera
-3.3518665,2.2828186,procera
-2.211147,4.747579,procera
19.358986,-2.2788618,procera
-20.932169,4.00894,procera
11.613775,-0.59873253,procera
30.837269,-10.070584,procera
8.770002,-1.4382373,procera
-3.0209587,-7.268542,procera
-6.28465,2.6419723,procera
-22.589842,1.2405356,procera
-4.247842,2.9538848,procera
-17.980684,14.048133,procera
-0.4216943,-6.1133714,procera
-7.7388263,3.1664822,procera
10.262412,2.0941274,procera
13.763735,3.8546133,procera
-3.449551,11.6009,procera
-4.247105,11.827799,procera
-0.35578057,2.205674,procera
28.0717,-6.7404604,procera
19.854465,-3.8657207,procera
11.638715,-2.3656597,procera
13.399436,-3.32593,procera
30.61432,-10.481519,procera
2.3963587,-2.6784751,procera
-8.612474,-12.848418,procera
-17.534363,1.5448608,procera
7.9100156,-5.0585666,procera
-15.253903,10.708589,procera
7.4536843,8.324874,procera
-19.443645,14.021643,procera
18.827116,3.826253,procera
-7.46189,2.8304005,procera
-2.9356465,9.253484,procera
1.8843281,-7.877479,procera
-9.563689,2.1583147,procera
-5.1203055,9.122625,procera
9.711637,-0.7637601,procera
13.9272585,2.3677328,procera
-5.469864,11.67651,procera
-22.219995,-0.9316832,procera
13.124998,-7.441057,procera
-2.271791,10.97099,procera
-2.2080328,-1.0196888,procera
18.435354,-2.1383295,procera
-16.795788,7.7207026,procera
-5.0662274,11.48461,procera
-1.8390268,13.096416,procera
-3.84576,6.668266,procera
17.780586,-3.762673,procera
12.061614,0.8236889,procera
-3.7226074,8.881685,procera
1.65603,1.9922705,procera
-18.937233,1.1910799,procera
-8.566316,6.184186,procera
7.8669457,-4.987259,procera
-20.74851,4.7460713,procera
9.437714,-2.2820046,procera
-0.5117656,-4.9686484,procera
-0.6862497,5.9301653,procera
-7.056036,6.936562,procera
-3.0534363,9.282452,procera
-1.9649595,13.608413,procera
11.818482,0.30734637,procera
-3.2391288,11.419194,procera
18.160809,-3.8457594,procera
30.41092,-10.858672,procera
29.090303,-10.21584,procera
-17.186674,9.945847,procera
-1.9098188,12.579743,procera
-0.7852205,6.406289,procera
2.5442731,-8.232545,procera
0.18277717,-14.103443,procera
17.774405,-4.6616573,procera
-4.655385,12.659625,procera
31.081942,-9.779405,procera
-7.204712,1.5880449,procera
-13.218563,2.7928512,procera
-20.04748,9.019973,procera
21.06271,-5.84411,procera
22.827408,-5.175868,procera
-6.657413,4.568337,procera
9.695612,-0.35342574,procera
-21.499777,11.4683485,procera
-19.493263,10.763454,procera
26.097631,-6.7526355,procera
1.236137,11.443909,procera
17.709984,-0.18280753,procera
2.477111,4.114527,procera
5.1865835,0.34960014,procera
-2.6593816,4.476263,procera
19.04322,10.767416,procera
6.704269,1.943474,procera
31.815474,-9.432692,procera
10.326012,-5.0097294,procera
3.891984,0.30791005,procera
-2.672017,9.26263,procera
-3.3200629,8.639463,procera
-1.684489,-8.025072,procera
-13.546452,2.3130202,procera
31.98933,-12.939626,procera
-4.2727766,0.7834425,procera
-3.6839907,4.243565,procera
-2.3659909,-2.7926939,procera
8.785174,-2.8621206,procera
31.610922,-7.9613023,procera
-2.5296414,9.830511,procera
12.657942,-6.855682,procera
-5.1267443,12.058238,procera
-17.552208,-0.09809712,procera
-10.525151,8.694098,procera
9.949782,-1.04548,procera
-7.8129187,2.5945072,procera
7.2606344,0.0020636753,procera
-7.3819366,-7.713446,procera
27.92702,-7.099306,procera
19.43848,-3.9932084,procera
-5.4703712,10.47643,procera
27.369251,-8.674867,procera
9.172652,-2.5447283,procera
30.332361,-10.192776,procera
5.578998,-6.9168625,procera
-16.828085,12.71511,procera
-7.9849563,9.755218,procera
21.182795,-6.455528,procera
7.0600843,-1.9230922,procera
-9.473013,7.29042,procera
-11.069592,11.131071,procera
0.15372603,-7.9484982,procera
1.2108797,2.4525223,procera
19.632862,1.1888369,procera
-17.032463,1.2808411,procera
16.48763,-4.3326535,procera
9.021718,5.056423,procera
13.793574,4.065864,procera
0.086712964,-5.540315,procera
19.47975,1.334304,procera
-14.57604,9.565455,procera
-1.1676013,13.216783,procera
-9.956838,8.0803795,procera
4.1804047,1.9693968,procera
14.639324,2.981783,procera
-16.125315,2.1198826,procera
-20.11449,3.977648,procera
29.804287,-7.5848765,procera
-2.9526353,12.973687,procera
3.7379262,5.1874375,procera
19.925638,-5.2415442,procera
-23.487774,3.6894658,procera
3.1469169,-1.9163375,procera
-10.221218,0.18750487,procera
3.2747655,2.0529346,procera
-7.9452863,6.0242243,procera
-2.3367,3.2053938,procera
7.766398,-7.680695,procera
9.491397,-3.7030005,procera
-3.388446,11.733762,procera
31.073597,-9.64669,procera
3.138557,2.9940536,procera
14.637658,-4.6624117,procera
0.98309094,9.048532,procera
-0.19783457,4.3487487,procera
0.7641224,1.1889606,procera
-3.1469016,-1.8201077,procera
30.422483,-9.911092,procera
7.4218936,-3.1326883,procera
14.290216,2.102658,procera
7.7044687,2.6762676,procera
30.059048,-8.841941,procera
3.3106835,7.067455,procera
-7.0050025,6.799265,procera
6.8415666,-8.177555,procera
11.161243,-8.284176,procera
12.95115,-7.961807,procera
-18.988922,6.924753,procera
0.90018225,5.1122565,procera
4.833117,2.5473576,procera
28.604671,-10.112747,procera
-11.985164,-5.3345475,procera
-19.452208,13.800412,procera
-7.4976273,2.9347591,procera
8.867614,-2.3545883,procera
-5.1715426,6.0217133,procera
-5.4680037,9.178293,procera
-8.105427,2.0487716,procera
0.40399274,3.6243508,procera
-15.97012,10.202556,procera
19.285389,-3.9751623,procera
-19.040218,0.79159564,procera
14.17807,2.9738512,procera
9.704548,-2.3240583,procera
-21.969818,2.4936883,procera
-1.0833076,11.257547,procera
4.4906774,7.936915,procera
-7.517802,3.7779953,procera
-8.880427,1.456926,procera
-9.5224495,3.479467,procera
12.6111145,4.6971307,involutus
2.5417671,-6.664239,involutus
-14.072936,3.9252784,involutus
-8.611926,3.030162,involutus
20.217577,-3.2616904,involutus
-0.5574543,-1.2360379,involutus
-23.381504,3.642599,involutus
5.2326703,3.559531,involutus
-5.8715143,-0.77625966,involutus
-9.269299,3.0951233,involutus
-10.7975025,7.845597,involutus
-16.760113,8.456389,involutus
-15.083017,4.3264227,involutus
-11.239072,2.8117776,involutus
5.5048203,0.6313748,involutus
0.633424,2.763058,involutus
10.517012,-0.4361399,involutus
-10.594627,-1.6027645,involutus
12.299486,1.1729392,involutus
-14.264145,-7.7026997,involutus
-11.975378,-2.7227497,involutus
-10.773147,8.007634,involutus
-19.840733,-1.2705398,involutus
-10.398588,8.070943,involutus
2.1110132,6.249963,involutus
8.472415,-6.686421,involutus
2.8569133,-5.734583,involutus
6.9739747,-3.0644624,involutus
-15.675489,-4.123044,involutus
19.244217,10.026795,involutus
2.2306035,-0.30770338,involutus
-3.083706,13.439362,involutus
11.175186,-3.0978832,involutus
9.675459,-2.1657093,involutus
12.311255,-2.0242755,involutus
-14.371506,0.76681674,involutus
9.938396,-2.392582,involutus
-9.504965,-0.28670877,involutus
-1.2096298,2.5017333,involutus
-6.98992,5.855755,involutus
-18.995243,11.938631,involutus
5.8910756,-1.2170458,involutus
9.081268,-3.3933268,involutus
-0.43356085,6.832921,involutus
1.6769111,1.1802764,involutus
-2.0215065,-1.0673817,involutus
12.849864,1.2411081,involutus
-8.417775,-2.020716,involutus
17.205273,-10.932599,involutus
8.956863,8.820363,involutus
9.592198,-0.94992816,involutus
-16.946636,6.5394354,involutus
12.520412,-2.7325225,involutus
-20.196165,7.187251,involutus
19.225098,-3.2078586,involutus
21.131548,-3.768273,involutus
-14.326748,-10.075916,involutus
8.912871,-3.3483827,involutus
19.142418,-2.5252848,involutus
10.449729,-0.36007738,involutus
-3.1581905,3.8987675,involutus
1.4147342,-5.9164267,involutus
-10.646782,8.1064825,involutus
-9.466291,-9.213229,involutus
9.352567,-6.241669,involutus
-6.6067963,3.7264178,involutus
-12.31835,10.530821,involutus
6.103059,0.37825808,involutus
7.5604224,2.7166073,involutus
-12.957914,-7.846561,involutus
-5.9734893,-13.229532,involutus
9.5306,-3.9366162,involutus
-3.8019102,-3.018199,involutus
-11.743634,-7.586637,involutus
-1.6419588,8.033657,involutus
-16.134457,-4.8340173,involutus
-10.061204,-13.333307,involutus
11.224006,1.160709,involutus
5.572443,-2.318402,involutus
-13.79517,3.6000316,involutus
-9.344699,5.0329666,involutus
-1.4403589,-5.34207,involutus
-7.979723,11.399726,involutus
-2.39265,5.1461716,involutus
-18.405088,0.8814246,involutus
3.732147,3.5241458,involutus
-16.162676,6.9759064,involutus
22.665087,-3.7643497,involutus
4.4122343,0.9116903,involutus
2.3955584,10.404722,involutus
-13.28835,8.331737,involutus
-10.787727,10.217014,involutus
32.99062,-9.356434,involutus
-6.2260933,-7.4405017,involutus
-1.731191,16.789558,involutus
-6.1998425,10.900749,involutus
-6.9807324,-4.2581534,involutus
-22.28397,7.3617067,involutus
5.9208403,-1.8064668,involutus
19.321548,10.315684,involutus
19.036787,-3.685338,involutus
-2.3714757,3.2218134,involutus
7.397723,-11.796686,involutus
-6.9576526,2.166415,involutus
-12.5796995,6.509447,involutus
-18.39595,13.764229,involutus
17.749832,-4.830095,involutus
0.81690127,-12.860363,involutus
6.2638807,-0.036715824,involutus
-5.2701397,2.5158792,involutus
0.6378903,1.9445722,involutus
19.793228,-5.0518603,involutus
-5.1738853,9.106864,involutus
9.614616,-2.6192915,involutus
4.5115085,-12.035091,involutus
10.378041,-3.0340967,involutus
18.477415,4.2153316,involutus
-12.601525,15.601718,involutus
9.215111,-7.6366563,involutus
8.243674,0.20512523,involutus
-1.9808092,10.248308,involutus
-6.0829926,-4.4403787,involutus
-18.770203,3.5316665,involutus
-13.732649,6.1216726,involutus
-7.6283226,-8.792401,involutus
6.233888,7.4847126,involutus
27.885147,-7.02558,involutus
11.520506,-1.4520321,involutus
-4.260465,-2.128594,involutus
-2.4154744,-6.748875,involutus
-4.649983,-9.34425,involutus
9.290461,-10.772746,involutus
2.4364378,9.616194,involutus
-21.608599,5.413951,involutus
-2.8804502,6.533558,involutus
-7.0725646,0.71127695,involutus
-0.5461071,8.997659,involutus
-6.092578,1.4384967,involutus
-11.844787,-12.991545,involutus
-0.9708422,1.487161,involutus
13.391159,7.1229115,involutus
2.9318333,-5.1194854,involutus
-15.636303,4.986354,involutus
14.835437,2.141821,involutus
-1.268147,0.6537094,involutus
-9.43288,-1.514368,involutus
6.252573,10.402651,involutus
31.123928,-8.216999,involutus
-3.1634078,-2.4333267,involutus
30.039988,-7.5994267,involutus
4.5868545,-15.294955,involutus
6.6512156,2.5990987,involutus
5.115474,-0.5569832,involutus
2.4547932,-0.3445519,involutus
15.889827,-2.5040445,involutus
-1.2021595,-0.9329124,involutus
12.899274,3.793659,involutus
-0.6357906,5.3845043,involutus
-10.613347,-7.3655515,involutus
11.674576,-5.143402,involutus
-0.7018144,-1.8022335,involutus
8.0617485,-3.7512372,involutus
-9.205208,3.3384585,involutus
-8.595617,-5.168222,involutus
6.3628235,-1.3941653,involutus
20.404387,-4.4600873,involutus
-20.180271,6.254484,involutus
-15.456355,0.4693069,involutus
16.078947,2.3130937,involutus
-14.997887,4.751599,involutus
4.2609134,-1.2559779,involutus
16.344954,0.66941637,involutus
-7.965067,-2.3605595,involutus
-19.462807,11.962171,involutus
3.370681,-2.5094619,involutus
12.928292,-6.707355,involutus
1.1164782,13.916229,involutus
-13.739742,11.265795,involutus
4.5925117,-15.284144,involutus
-11.289107,10.002992,involutus
-7.5045924,5.138652,involutus
8.711282,-4.046384,involutus
8.196685,-0.08146883,involutus
8.164297,5.722459,involutus
-7.5163355,9.294268,involutus
-5.877266,17.083412,involutus
-15.635274,-2.7889729,involutus
3.7555141,-6.3876047,involutus
-5.476855,2.1688604,involutus
-8.199434,-5.892521,involutus
-16.503212,1.746883,involutus
-8.097836,-10.299959,involutus
-5.9480367,-13.202381,involutus
-9.9254465,17.218218,involutus
-14.457187,2.7147436,involutus
-2.1149473,-9.817615,involutus
-17.449036,0.92917746,involutus
5.0761685,-3.950413,involutus
-21.210917,-2.8020191,involutus
3.752975,2.4755344,involutus
11.454817,-9.303807,involutus
-7.4588313,8.591932,involutus
4.9692187,-1.7483501,involutus
-21.321007,2.847456,involutus
16.993137,-6.4969597,involutus
-18.443464,-1.7920808,involutus
-0.82480186,-2.3378074,involutus
29.227476,-9.519924,involutus
-12.266258,-8.154036,involutus
13.49972,-2.228504,involutus
-20.746021,7.656506,involutus
-1.3283128,-14.351185,involutus
18.772707,11.258918,involutus
11.163785,-5.8228164,involutus
-4.894171,2.7703912,involutus
3.4514964,-7.563307,involutus
4.9804053,9.783793,involutus
11.564703,-3.744879,involutus
-7.3365827,-5.9657884,involutus
-7.9618106,12.712975,involutus
-1.0175736,0.27430764,involutus
-12.301881,-7.8007317,involutus
21.260563,-6.5696626,involutus
-1.368981,8.871058,involutus
31.410982,-7.6303277,involutus
14.25616,-4.9596834,involutus
0.59690064,7.7731395,involutus
-16.896313,9.143701,involutus
-18.055515,8.745397,involutus
-3.876325,-0.21324916,involutus
0.39585721,8.103276,involutus
6.003395,8.334301,involutus
-10.899244,-6.985996,involutus
-0.33725187,5.806196,involutus
-13.9208145,-3.8786898,involutus
-15.513185,7.5189524,involutus
-10.533412,2.165544,involutus
-3.8834753,0.8689315,involutus
9.793821,-3.12528,involutus
3.9229522,2.952304,involutus
-5.5342784,-2.4574304,russula
4.389038,-1.9406314,russula
-16.261204,5.2308755,russula
0.37006694,-3.2853475,russula
-17.253716,5.19059,russula
-2.0973668,-8.19118,russula
-13.730402,1.1057174,russula
-3.933188,-7.693947,russula
-7.3276315,-0.46500212,russula
-2.814972,-4.1846356,russula
-7.7445674,-1.52598,russula
8.261535,-1.7390869,russula
15.950832,-5.536623,russula
7.2360644,-0.5322322,russula
-3.0277727,6.7133493,russula
-1.6919969,1.2846637,russula
-8.6392975,0.65237164,russula
5.7238135,4.8710375,russula
1.8076013,-11.552865,russula
8.486055,-4.094857,russula
-10.927051,6.1481957,russula
12.486933,-6.825578,russula
-1.0752587,-5.9760194,russula
-7.9955792,-2.5366127,russula
-4.141402,-6.231452,russula
-18.380783,1.0814266,russula
-19.311886,4.3525844,russula
-5.9031744,-11.070211,russula
-16.128984,7.069088,russula
-19.048716,12.206914,russula
7.3199477,-7.198418,russula
3.5252109,-1.1996462,russula
9.265946,-1.2844943,russula
-2.607692,-1.8062972,russula
-0.029515022,-6.458199,russula
1.8408784,3.6524,russula
-6.6790705,1.8408365,russula
-13.785598,1.8115948,russula
-21.312498,2.3228004,russula
-0.45285946,1.8106045,russula
3.16897,6.1098895,russula
1.7284447,-2.2846498,russula
-4.828423,7.080734,russula
-12.542177,-0.9021252,russula
2.6400926,-0.34061214,russula
-23.175407,3.646579,russula
2.6543782,0.1874198,russula
-19.11805,10.792389,russula
6.159274,1.7705683,russula
-8.241202,7.87241,russula
-20.015055,0.6828844,russula
6.6643,6.288258,russula
-2.741046,2.4403458,russula
-7.8089905,-4.829184,russula
-10.184916,10.0978775,russula
10.186421,4.571499,russula
4.006803,-5.970188,russula
7.7812357,1.3467219,russula
-5.0002866,-1.5888879,russula
9.104702,-12.359875,russula
11.184442,-4.6199403,russula
-1.6107577,-0.081644684,russula
-20.238749,-5.5319805,russula
-3.7901266,-1.7766813,russula
-24.394249,0.8001884,russula
0.7051159,8.004753,russula
-11.682012,11.606133,russula
-4.5846186,7.201293,russula
0.15746811,15.154281,russula
-16.165161,3.3617048,russula
-0.34501666,1.8090692,russula
1.1027184,8.674112,russula
-4.9885755,12.213612,russula
-13.425556,10.305216,russula
-1.8122762,2.834191,russula
-13.9393215,-2.443565,russula
2.4103954,13.487194,russula
31.934,-9.625371,russula
-10.134531,9.383481,russula
-3.978624,-4.290956,russula
-15.488014,5.6583543,russula
-3.3694253,6.941335,russula
-2.247802,9.96777,russula
-10.018441,-7.2413054,russula
18.782145,4.4935584,russula
0.5679315,-2.9197795,russula
-16.128683,2.189134,russula
5.071069,5.266496,russula
-13.957716,6.824685,russula
-4.0798817,-9.431273,russula
6.525001,4.972709,russula
-6.2446427,0.46713236,russula
1.7138807,-5.4514136,russula
-12.807465,-1.0455439,russula
-17.985678,1.6381885,russula
-9.265617,4.511737,russula
-5.6046295,7.9379277,russula
-9.758482,-9.3746395,russula
-19.679054,4.114345,russula
-9.392065,2.0029728,russula
-2.4340036,0.18793769,russula
-22.355856,4.9523616,russula
2.2373989,1.440161,russula
2.9314542,-13.902283,russula
-17.593233,7.9304447,russula
17.694025,0.121110074,russula
-15.209434,8.066655,russula
13.534691,-10.038125,russula
-19.259298,6.1260314,russula
14.19854,-1.1681864,russula
-10.18434,1.4332564,russula
10.266487,0.18618515,russula
-14.110174,16.485157,russula
3.4375114,11.928644,russula
-5.233376,8.527379,russula
1.1856157,11.694707,russula
-22.382328,3.8150342,russula
-1.0040915,3.81548,russula
-0.045754723,5.196294,russula
-23.446497,3.8261971,russula
-0.8758562,1.4108567,russula
-3.1879044,-6.732815,russula
-8.2379875,14.85879,russula
-23.893383,2.3249419,russula
-19.913027,2.7326865,russula
13.665965,6.6004357,russula
9.188245,1.5311375,russula
-5.8200035,0.8975584,russula
-19.89476,-2.4778478,russula
-4.932719,-1.5868418,russula
-20.194511,5.4357443,russula
-11.996029,6.4039555,russula
-6.4263015,12.031883,russula
7.858838,2.10391,russula
2.0855796,-1.1241146,russula
-9.864614,-9.294232,russula
4.5486093,6.189772,russula
-21.468248,3.1323981,russula
1.9107023,8.900022,russula
16.731518,1.7692379,russula
-19.124426,4.644226,russula
1.1584531,-0.3719496,russula
-16.871794,6.426425,russula
-18.08423,4.696864,russula
-10.502085,-6.0259185,russula
-23.041986,0.23278032,russula
19.074007,9.951631,russula
14.938585,-3.5703418,russula
-4.928522,0.84184897,russula
-6.500129,11.826145,russula
-4.7982674,1.4151,russula
-17.202227,-1.0182511,russula
-3.8660164,-13.047872,russula
-14.005452,16.497911,russula
-0.3762731,0.98325735,russula
19.847979,0.3045284,russula
-11.133719,7.514292,russula
-13.803198,10.39299,russula
-13.515683,4.4728336,russula
-10.129313,-1.7840726,russula
-9.069992,2.2580957,russula
-21.819033,3.9130282,russula
-12.855889,3.7589061,russula
10.854999,-2.5384722,russula
-5.3500466,-5.3126254,russula
-18.086603,2.602587,russula
22.40885,-2.9643114,russula
-1.3424692,-6.5375447,russula
24.152355,-6.6403527,russula
25.001066,-4.317679,russula
-12.391741,4.5413675,russula
-22.747469,3.5901096,russula
-13.750268,-1.0423656,russula
-12.465511,2.2337658,russula
-2.3778214,-6.1410294,russula
0.9777191,-6.045672,russula
-10.97921,0.85594106,russula
-17.783173,6.073286,russula
16.1395,-2.4286723,russula
10.659714,-5.115459,russula
19.26853,10.292758,russula
-9.777703,0.34286657,russula
28.645063,-8.012594,russula
-6.143653,-2.9506319,russula
10.298851,-2.597659,russula
-0.6416403,-2.7714167,russula
-9.0524025,-5.079556,russula
-12.578697,10.785384,russula
20.585825,-2.552341,russula
19.188225,9.60356,russula
-2.0307622,-8.811941,russula
-1.3659486,-6.770194,russula
-4.8165445,-0.31284675,russula
8.707649,-10.09354,russula
-8.9949665,11.0230665,russula
-7.918073,-5.8036633,russula
-2.723617,1.2311815,russula
-7.4334607,9.913743,russula
19.87919,0.341632,russula
-16.667034,5.646985,russula
-14.893726,3.8214738,russula
-16.735075,-8.53004,russula
-2.425884,0.23263036,russula
-5.0026813,-9.277331,russula
-22.126509,1.9638717,russula
9.590123,0.3784189,russula
2.9559596,-0.0769338,russula
5.2205634,2.15836,russula
32.214333,-5.238168,russula
-16.097816,5.5429416,russula
2.1161232,0.4304354,russula
5.0236106,5.1713443,russula
-10.673923,-5.2318244,russula
-19.103573,7.043534,russula
-19.66502,2.455826,russula
-20.348333,0.89199686,russula
9.850518,-11.198613,russula
4.1803155,3.2654393,russula
-6.8775363,-0.41875377,russula
-22.864454,3.5299063,russula
19.869373,0.32691875,russula
-20.582993,-0.24846697,russula
-18.612673,1.8365546,russula
-1.8801022,1.662247,russula
-1.236451,-9.707459,russula
-18.144596,1.523021,russula
-17.07799,-3.095413,russula
-15.723219,4.138098,russula
-1.3844788,1.4734907,russula
5.827058,-0.848695,russula
-21.317055,1.2814614,russula
-11.101073,6.141128,russula
7.649563,-0.9347561,russula
-8.851819,14.079552,russula
30.356226,-8.403866,russula
-5.62111,7.4870825,russula
-11.080359,6.187424,russula
14.29207,-0.026649663,russula
6.608753,-0.515272,russula
-5.322207,-0.1450458,russula
