UMAP 1,UMAP 2,Class
-6.348721,5.442926,amanita
-2.3110008,7.7550125,amanita
-3.8936415,6.057427,amanita
-4.670055,7.5330496,amanita
-5.352456,6.794974,amanita
-2.2438738,8.033027,amanita
-5.3409553,6.8040137,amanita
-3.7549803,7.5597525,amanita
-5.855033,7.019401,amanita
-4.687797,4.5270915,amanita
5.278767,8.917867,amanita
-4.7862744,5.871223,amanita
-3.6465092,8.570506,amanita
0.9161253,8.832972,amanita
-5.8981514,6.176729,amanita
-2.8099387,5.462144,amanita
-6.213437,5.6123996,amanita
5.5675554,8.81273,amanita
5.3017673,8.571544,amanita
-2.9700134,8.936427,amanita
-3.9325185,6.8838243,amanita
-4.6751037,5.074854,amanita
-4.1194773,8.601007,amanita
0.07166008,8.916569,amanita
-1.2553722,7.6541486,amanita
5.234173,8.818048,amanita
-3.0784063,7.200923,amanita
-4.018731,7.243462,amanita
-2.8633258,8.729583,amanita
-5.413154,5.6580973,amanita
-4.125436,8.131073,amanita
-3.9814618,7.95776,amanita
4.959915,8.420003,amanita
-5.1976013,5.152964,amanita
4.4400716,8.747299,amanita
-4.1825347,6.9166546,amanita
5.0343037,8.627878,amanita
-2.950276,7.9452963,amanita
-2.6248808,5.991774,amanita
-3.7273922,6.1103354,amanita
0.08269746,10.932815,amanita
-3.3179743,8.069738,amanita
-2.3169947,7.807359,amanita
4.8159347,8.644157,amanita
-2.8700097,9.125411,amanita
-2.491558,8.116654,amanita
-3.1199827,8.534347,amanita
-5.2700143,5.1687827,amanita
-3.4241388,8.807138,amanita
-4.858771,7.6979976,amanita
-1.6343282,8.40319,amanita
-2.4897068,6.333838,amanita
-0.71396095,8.426762,amanita
-3.3039467,7.5615935,amanita
0.05886681,9.391319,amanita
5.2091208,9.445791,amanita
-5.925877,5.91943,amanita
-2.24927,8.384803,amanita
1.0581529,9.131079,amanita
-4.7182064,6.2391706,amanita
4.8628945,8.661143,amanita
-3.9065702,6.6820726,amanita
-4.2679033,5.19735,amanita
-0.7815933,7.3796725,amanita
-2.9921868,6.410912,amanita
-5.9690213,5.3304753,amanita
-3.1828704,8.749627,amanita
5.4256186,8.989996,amanita
-2.1348832,7.017482,amanita
-5.9284954,5.947479,amanita
-6.0837526,5.344198,amanita
0.0033642028,10.38007,amanita
-2.5167446,6.0186524,amanita
-6.032386,5.2262564,amanita
5.59076,8.83257,amanita
-2.2770352,7.7889724,amanita
-1.3080919,9.295065,amanita
5.2260995,8.615779,amanita
4.720998,9.375557,amanita
-2.583535,7.1992393,amanita
-4.7929144,7.160483,amanita
4.902573,8.723486,amanita
-6.541945,5.2321978,amanita
-6.428871,5.345581,amanita
1.1038983,9.0654955,amanita
-5.9692,5.9859424,amanita
5.0167203,8.602523,amanita
-4.687263,4.515917,amanita
0.6599723,9.671557,amanita
5.2830005,8.627704,amanita
-3.246398,7.6720557,amanita
-5.0545974,5.813087,amanita
-3.95202,8.018174,amanita
-0.84475803,8.611736,amanita
-2.1842456,6.831768,amanita
-2.6913893,7.080419,amanita
-6.1708994,5.2622604,amanita
-6.260367,5.5185413,amanita
-2.5736692,8.17643,amanita
-4.035241,6.7520146,amanita
-2.240617,8.679537,amanita
0.4264246,9.257677,amanita
-0.5263344,9.448382,amanita
5.065165,8.910139,amanita
-3.941621,5.23468,amanita
-0.09050476,7.860671,amanita
-3.6083684,8.235308,amanita
-3.0634346,8.282577,amanita
-5.8436804,5.7981596,amanita
5.343486,8.696822,amanita
-4.7581134,7.711966,amanita
-5.5918546,6.941895,amanita
-4.4113293,7.731527,amanita
5.4156394,8.256969,amanita
-6.3223963,5.6033993,amanita
1.0728186,9.110457,amanita
-3.5237703,5.028149,amanita
-4.485594,7.1557317,amanita
-6.397619,5.200032,amanita
-3.87906,6.6211033,amanita
1.1579367,8.910105,amanita
1.111468,9.087174,amanita
-5.7238874,6.4455104,amanita
1.0609462,8.909871,amanita
-5.4144936,7.0449386,amanita
4.6932435,8.602227,amanita
1.2085292,9.115903,amanita
-6.27274,5.654568,amanita
-5.2418823,5.485148,amanita
-1.2279826,8.072482,amanita
-4.161075,6.970074,amanita
-3.6300201,6.6914253,amanita
-3.0527523,7.561842,amanita
-5.436757,6.624066,amanita
-5.0944514,6.8250084,amanita
-2.498734,8.10304,amanita
1.2808162,9.242429,amanita
-3.0383694,7.9945607,amanita
-0.7515665,9.259108,amanita
-2.3442528,9.664048,amanita
5.773587,8.368499,amanita
-3.814476,6.6637416,amanita
0.6794284,8.8758335,amanita
-3.4318674,8.861902,amanita
-6.260628,5.492591,amanita
-3.6462448,9.183691,amanita
-0.1487965,8.832613,amanita
-1.2018394,8.483126,amanita
-0.22457787,8.846,amanita
5.354488,8.726206,amanita
-1.1121297,8.317163,amanita
-4.6844606,4.522185,amanita
1.0813266,8.686464,amanita
-3.6758115,5.3330684,amanita
-0.4713174,8.620523,amanita
-5.7886276,6.278622,amanita
-1.2517487,8.6852255,amanita
-0.9700766,8.521915,amanita
-3.7186427,7.1753874,amanita
-5.4972115,5.651592,amanita
-2.778492,8.289993,amanita
0.5408975,9.168094,amanita
-2.523723,8.1516695,amanita
-4.062558,7.273674,amanita
4.4887047,8.600317,amanita
-6.560795,5.2008905,amanita
-1.7505304,8.774417,amanita
-3.8662517,7.637019,amanita
-3.359668,5.709297,amanita
-6.305678,6.0334926,amanita
-6.046165,6.0055246,amanita
0.23601906,9.608899,amanita
5.4704375,8.77839,amanita
-5.3535,5.9637713,amanita
-6.2871256,5.6550217,amanita
-0.8625243,8.087974,amanita
-3.3655636,6.1414566,amanita
-3.6476731,6.6594963,amanita
-3.5217545,9.28712,amanita
-3.938287,7.016029,amanita
0.099707,11.034681,amanita
5.1431937,8.574633,amanita
-5.108102,7.8217897,amanita
-0.785959,9.498374,amanita
-0.1570491,8.791134,amanita
-4.9094095,6.9279723,amanita
0.2059753,9.5656395,amanita
0.45426872,9.707777,amanita
-3.5922253,6.1696453,amanita
-6.1876607,5.6071835,amanita
5.119663,8.502095,amanita
-5.6676974,4.985698,amanita
-3.9271307,6.4034386,amanita
-3.8504274,6.6808996,amanita
5.0235085,8.71226,amanita
1.1063476,8.899038,amanita
-5.860816,7.0388017,amanita
-4.3334665,6.8026323,amanita
-1.5663308,8.6877985,amanita
-6.2592664,5.4347253,amanita
5.600809,8.938454,amanita
5.528243,8.746115,amanita
0.73460805,8.939616,amanita
-3.224972,6.45459,amanita
-0.3029031,7.843391,amanita
-6.4005823,5.5923386,amanita
4.960462,8.615476,amanita
-1.8018776,8.426908,amanita
-4.8939037,5.94124,amanita
4.9554896,8.7235365,amanita
-4.043255,7.52457,amanita
-3.5406752,6.4375777,amanita
-2.73212,6.216446,amanita
-3.9679892,6.9412613,amanita
-4.402238,7.3064966,amanita
-6.321228,5.747782,amanita
4.8106546,8.467219,amanita
-3.702346,7.669053,amanita
4.5982614,8.611785,amanita
-0.94356126,8.7697735,amanita
-0.869999,7.8177233,amanita
-5.938226,6.2522993,amanita
5.680303,8.888219,amanita
5.1965804,9.055832,amanita
-1.8152314,7.727423,amanita
-2.4479752,9.577676,amanita
-0.7458538,9.203434,amanita
-2.7383373,7.199519,amanita
5.5929008,8.755779,amanita
-0.3611616,8.355511,amanita
-1.7222308,7.2233906,amanita
-4.2451415,6.958703,amanita
-4.502646,6.7292366,amanita
-4.983955,6.681028,amanita
-2.9553695,6.413112,amanita
-2.8127632,8.799695,amanita
-4.515967,7.5862703,amanita
0.19742407,9.579581,amanita
-3.9079795,5.7371655,boletus
-2.8558755,9.010048,boletus
-3.788074,5.118289,boletus
5.094347,8.961399,boletus
-2.914694,5.808337,boletus
0.49166787,9.426329,boletus
-0.06811027,10.594375,boletus
1.3692592,9.266614,boletus
-0.991198,8.075347,boletus
-2.8447692,7.779672,boletus
-4.2962675,6.6681724,boletus
-2.3657434,7.7916656,boletus
-0.27624843,7.8920336,boletus
-3.2117612,8.16442,boletus
-3.204213,7.5820837,boletus
-5.4106975,5.9106927,boletus
-2.6903596,6.916412,boletus
-0.9859252,8.911939,boletus
-5.1647534,6.297959,boletus
-0.7661319,9.144067,boletus
-6.127546,5.478827,boletus
-0.40808398,8.847554,boletus
1.3465829,9.072662,boletus
-2.282467,7.943578,boletus
-0.22701602,7.85221,boletus
-5.935344,5.496786,boletus
-1.2368673,8.942243,boletus
4.7313733,9.204114,boletus
-5.843172,5.2721257,boletus
-0.7298293,8.543244,boletus
-3.1077347,5.9685903,boletus
-0.45665163,7.8442492,boletus
4.7355776,8.658719,boletus
-4.1640315,5.6477795,boletus
-0.0038500833,8.75186,boletus
-3.7788148,7.318686,boletus
-3.1158962,7.461773,boletus
-0.3547494,8.103713,boletus
-2.9181619,8.306726,boletus
-1.3807428,9.312307,boletus
-3.8033438,6.6492367,boletus
-4.3179016,7.2744656,boletus
4.532716,9.117718,boletus
-0.73464906,8.926431,boletus
-4.6394734,6.8758984,boletus
-4.738934,4.961164,boletus
-3.5788836,7.633218,boletus
-0.92437804,9.0662565,boletus
0.6111596,9.892788,boletus
-0.12517965,7.986159,boletus
-5.2518187,5.397023,boletus
-2.4141695,7.899204,boletus
5.027813,9.138622,boletus
-1.1591128,8.467744,boletus
-3.7035322,8.394389,boletus
-0.02291654,10.84486,boletus
1.8849224,9.015993,boletus
-3.677122,6.8184333,boletus
-4.5602055,5.864828,boletus
-3.0608861,5.86294,boletus
-5.8547225,5.116141,boletus
-3.2344902,5.0627604,boletus
-4.0295362,7.02777,boletus
-1.429157,8.59115,boletus
-0.8249758,9.309352,boletus
4.96158,8.507495,boletus
5.2594104,9.22737,boletus
5.8394485,8.362211,boletus
-4.2607303,6.833354,boletus
-0.04984273,9.869467,boletus
5.7008133,8.830902,boletus
-6.3823566,5.4595056,boletus
-3.9549649,8.006532,boletus
-4.134793,7.565214,boletus
-2.9018362,8.748088,boletus
5.142761,8.912534,boletus
-0.67875797,9.056998,boletus
-3.620013,6.660325,boletus
-3.63208,5.795542,boletus
5.0447288,9.126336,boletus
-4.2819347,8.196767,boletus
-0.3671041,9.324446,boletus
5.2208343,8.655053,boletus
-1.5545399,9.15731,boletus
-4.7148027,7.8611383,boletus
-1.2181263,9.159578,boletus
-4.201048,6.4670267,boletus
1.2878505,9.379992,boletus
-0.27558738,8.952372,boletus
-2.0810535,7.4640493,boletus
-1.8581281,7.80253,boletus
-0.75743574,8.558181,boletus
-1.9980934,8.10291,boletus
-2.7429266,6.628165,boletus
-4.0623775,7.4222507,boletus
-4.517992,5.100355,boletus
-3.5898006,5.74251,boletus
-2.3048604,8.7237,boletus
-1.3761355,8.246438,boletus
-6.5364766,5.2170267,boletus
-0.89945334,8.569802,boletus
1.4122959,8.766453,boletus
0.07741171,8.897784,boletus
-0.29926842,9.644763,boletus
4.50266,8.658842,boletus
-2.712097,9.264015,boletus
5.0863004,8.984439,boletus
-4.509658,8.547293,boletus
-1.1047522,9.40295,boletus
-4.2893143,6.380528,boletus
-4.285758,8.8123045,boletus
-1.43785,9.093155,boletus
-1.4131021,8.912121,boletus
0.2520034,9.004757,boletus
-2.0835357,8.086034,boletus
-0.6394641,8.85617,boletus
-4.711333,6.1979427,boletus
-4.0964875,8.580791,boletus
-0.059444025,9.07984,boletus
-2.7118654,7.953163,boletus
-2.8296077,8.187,boletus
-1.0007526,8.615095,boletus
-2.1367936,8.265831,boletus
-3.8335993,6.2853994,boletus
-3.522796,8.817325,boletus
4.953567,9.072073,boletus
-2.2094657,8.023915,boletus
0.20118059,9.318462,boletus
-5.0431986,6.4981084,boletus
-0.51420724,9.113711,boletus
-3.060757,8.441371,boletus
5.786,8.320645,boletus
-3.670595,6.6525526,boletus
-5.6583147,6.833612,boletus
-4.5874,8.270035,boletus
-5.991923,6.2424655,boletus
-4.5668025,5.796898,boletus
-3.5588367,8.060172,boletus
-0.040362768,9.418652,boletus
-4.650953,6.2797604,boletus
-0.6609772,8.244396,boletus
-3.3519692,9.00893,boletus
-4.072214,7.698753,boletus
-3.9289339,8.955826,boletus
-1.4403617,8.728983,boletus
-3.1893928,6.020141,boletus
5.3202276,8.885786,boletus
-4.5141478,7.4563847,boletus
-2.7290864,8.24754,boletus
-4.483979,8.068053,boletus
-1.9569923,7.6194773,boletus
-1.3853133,8.920546,boletus
5.0295057,9.09066,boletus
-3.7448242,9.103951,boletus
-0.17137772,8.931712,boletus
-4.538945,5.5684853,boletus
-2.5612853,5.961168,boletus
-4.51076,7.047488,boletus
0.24917951,9.713676,boletus
-4.499981,5.8142157,boletus
-3.0577066,6.6362596,boletus
-3.0104077,6.130566,boletus
-2.9149592,6.843522,boletus
5.204357,9.005065,boletus
-6.022408,6.332714,boletus
-0.8404521,8.3847065,boletus
0.52669394,8.727623,boletus
-1.4262707,9.349734,boletus
-4.098108,5.9694347,boletus
5.306954,9.434317,boletus
5.392866,9.283987,boletus
-3.3002446,5.325909,boletus
-3.3543966,5.4786716,boletus
-1.1354653,8.882133,boletus
-2.774736,5.574776,boletus
-5.9838953,5.7139254,boletus
-4.015302,9.017448,boletus
-0.25947246,9.41181,boletus
-0.90921926,9.170466,boletus
-2.6888103,6.306013,boletus
-3.6164985,6.607958,boletus
-2.2949364,9.0376,boletus
-6.0963893,6.159718,boletus
-3.1139007,8.17439,boletus
-2.6670544,7.6078076,boletus
-1.4477239,8.972365,boletus
-3.4515004,7.7597995,boletus
-4.618221,5.034579,boletus
4.9645395,9.138325,boletus
-3.3813233,5.6145306,boletus
-3.5376713,6.7726536,boletus
4.8675966,8.912658,boletus
-1.9380176,8.740832,boletus
5.0188293,9.657799,boletus
-4.528939,6.091784,boletus
-5.9945393,5.2031536,boletus
-3.7803605,7.1981554,boletus
-3.1507447,7.9238563,boletus
4.744084,8.521156,boletus
-2.1946023,8.671304,boletus
0.13036004,9.317215,boletus
-2.5383923,7.204032,boletus
-5.191081,5.4121847,boletus
-4.0294247,8.258516,boletus
4.9776273,8.965615,boletus
-1.4914095,8.540022,boletus
-4.1305957,5.699865,boletus
-3.983914,5.864988,boletus
-5.471942,6.7187586,boletus
-0.6596619,8.425949,boletus
4.679104,8.7830305,boletus
5.8096924,8.313381,boletus
-3.3622088,8.126906,boletus
-2.4009185,6.1794596,boletus
-1.953707,7.904561,boletus
0.6545029,9.081623,boletus
-1.0967894,8.805181,boletus
-4.7891927,6.2163754,boletus
-5.252355,5.7873707,boletus
-4.7854266,5.107147,boletus
-3.6070626,7.9691234,boletus
-6.252934,5.853497,boletus
-4.0784583,5.61468,boletus
-2.3916912,6.8990464,boletus
-2.8490624,7.5157967,boletus
-3.5893726,6.794076,boletus
-1.9379796,9.106607,boletus
-3.0479672,5.5942574,boletus
-4.563461,5.337942,boletus
-3.6436858,7.754505,boletus
-4.9174566,5.8044868,boletus
-0.99772984,8.470793,boletus
-0.93556035,8.286098,boletus
-5.5251207,6.1196966,boletus
-2.7755933,9.272886,boletus
-3.969046,4.980224,boletus
-2.5813882,7.6509533,boletus
-5.363384,7.3468294,boletus
-3.389329,7.438163,boletus
-0.7378484,8.869255,boletus
-0.17158748,8.922127,chantelle
-1.5272025,9.24908,chantelle
-5.6660714,5.1886277,chantelle
-2.4181087,9.6355715,chantelle
-3.4063432,9.276747,chantelle
0.36059538,9.081206,chantelle
-2.5330575,8.518643,chantelle
-3.653573,8.537819,chantelle
-4.5383844,5.7079196,chantelle
-3.0873885,6.802987,chantelle
-0.97785646,9.523266,chantelle
4.120578,8.900646,chantelle
4.894167,8.751257,chantelle
-4.855903,5.647773,chantelle
-3.2745652,7.232751,chantelle
-2.6633174,9.364188,chantelle
0.10364831,9.428906,chantelle
5.366644,8.937817,chantelle
-1.8262211,8.541226,chantelle
5.0408287,9.588026,chantelle
-3.6494641,6.378798,chantelle
-4.19133,5.616005,chantelle
-5.518021,5.3292046,chantelle
-2.249093,8.208622,chantelle
-0.1523573,9.539526,chantelle
-3.3535109,6.7133164,chantelle
-3.8521569,9.008466,chantelle
5.185127,9.569811,chantelle
-3.013497,7.7002916,chantelle
-3.39227,9.036131,chantelle
-2.994035,8.995418,chantelle
-3.7609704,5.3356357,chantelle
5.470577,9.284345,chantelle
-3.3531148,8.919273,chantelle
-3.5626638,7.865238,chantelle
0.3584863,9.10276,chantelle
0.12261938,8.954327,chantelle
-3.6369216,8.503229,chantelle
5.216835,8.919999,chantelle
-0.5255986,8.64433,chantelle
-4.5233736,5.271324,chantelle
-5.5569196,6.5281935,chantelle
-4.2908993,7.73274,chantelle
-3.4802482,5.419485,chantelle
-3.2960653,9.139664,chantelle
-5.9976196,5.15107,chantelle
-1.3726714,9.1155815,chantelle
5.3190193,9.343149,chantelle
-3.690596,6.318708,chantelle
-2.29117,8.340373,chantelle
-3.654462,7.8900366,chantelle
-3.8663228,7.154289,chantelle
4.6534433,8.706052,chantelle
5.4324703,8.869158,chantelle
-4.971373,6.1167793,chantelle
5.2678123,9.337473,chantelle
-4.0401435,5.331927,chantelle
-4.9834175,6.5785623,chantelle
-0.8673805,8.27876,chantelle
-5.786546,5.039514,chantelle
-2.5481083,9.354031,chantelle
4.316973,8.943547,chantelle
-6.1385393,5.3257213,chantelle
-2.6510763,9.59161,chantelle
-3.480225,7.486116,chantelle
-5.2747545,5.3927646,chantelle
-1.1398985,8.724825,chantelle
-1.428131,9.2293415,chantelle
-2.632398,9.273544,chantelle
0.18493348,9.538454,chantelle
-2.9789894,9.135701,chantelle
-4.706325,6.8929677,chantelle
-0.4378765,7.9189405,chantelle
-3.2082133,8.760455,chantelle
-3.602072,6.95019,chantelle
-5.351697,6.881902,chantelle
-0.32693225,7.9656687,chantelle
-2.3208852,8.732395,chantelle
-1.5513086,7.891053,chantelle
-5.0552983,7.481691,chantelle
5.2080445,9.061406,chantelle
-1.4123397,8.686414,chantelle
4.9312983,9.325418,chantelle
5.3236923,9.276764,chantelle
0.63674307,9.191901,chantelle
-2.6605844,9.656273,chantelle
-2.6451976,9.5359125,chantelle
-6.4676104,5.498317,chantelle
-1.1436834,9.297703,chantelle
5.127345,9.632267,chantelle
-0.82191586,8.824861,chantelle
5.4362082,9.223432,chantelle
-2.3174343,8.739319,chantelle
-2.4663887,9.428404,chantelle
1.1229722,8.800856,chantelle
4.8341994,8.63967,chantelle
-0.6875671,8.303784,chantelle
-5.524727,5.5673194,chantelle
-3.1751325,6.508988,chantelle
-2.7152672,9.492848,chantelle
-2.8177571,7.925839,chantelle
0.07804723,9.416765,chantelle
-5.397213,6.9657836,chantelle
-2.9189496,9.042806,chantelle
-5.784708,6.7564855,chantelle
0.38262817,9.519329,chantelle
-3.0617564,7.6972523,chantelle
-3.4485068,9.315106,chantelle
-3.9390335,7.925856,chantelle
-4.5725846,8.268497,chantelle
5.769443,8.325346,chantelle
5.3804617,8.932407,chantelle
0.17566389,9.30705,chantelle
-1.5739366,9.22662,chantelle
-4.4767365,5.0171494,chantelle
0.9976081,8.603003,chantelle
-0.40790707,9.579977,chantelle
4.8550286,9.357216,chantelle
-3.9732363,9.078227,chantelle
-4.9942875,6.338438,chantelle
5.324332,9.041547,chantelle
1.4642999,9.094676,chantelle
5.025826,9.600327,chantelle
-2.1863902,8.728913,chantelle
-6.071623,6.040635,chantelle
-4.8919063,5.8749065,chantelle
0.6487551,9.02525,chantelle
5.341012,9.010619,chantelle
-1.054764,8.907832,chantelle
-1.7304951,8.773212,chantelle
-6.114351,5.3225436,chantelle
0.0161801,9.270598,chantelle
-3.0451734,9.118789,chantelle
-4.4462852,7.970022,chantelle
-3.5404034,5.264195,chantelle
4.7671824,8.682852,chantelle
-2.5683506,9.425276,chantelle
-3.500252,8.244781,chantelle
-6.011029,6.2276387,chantelle
0.3407218,9.148325,chantelle
1.3809564,8.975728,chantelle
0.7369251,8.797643,chantelle
5.0448065,9.112474,chantelle
-2.776767,9.499772,chantelle
1.0774381,9.265909,chantelle
-2.5632334,9.4533205,chantelle
-4.330738,6.039481,chantelle
-3.8304365,7.8978224,chantelle
-4.2741866,5.1264277,chantelle
-0.40670246,9.357999,chantelle
5.2457123,9.062713,chantelle
-2.6904373,9.47739,chantelle
4.8666787,9.333643,chantelle
5.1863494,9.576535,chantelle
-5.2415156,5.7158346,chantelle
5.26984,8.906791,chantelle
0.8858854,9.374244,chantelle
4.936792,9.023535,chantelle
-1.6771047,8.19494,chantelle
0.9035471,8.739391,chantelle
-5.141935,7.259162,chantelle
5.31558,9.4313755,chantelle
-3.4694085,8.5648775,chantelle
-4.043501,7.861091,chantelle
-2.9470706,9.58646,chantelle
-4.3548293,6.005003,chantelle
-5.9858756,5.7165003,chantelle
-1.1592456,8.241029,chantelle
4.945197,9.659006,chantelle
-3.5701933,8.658502,chantelle
-6.3036504,5.3493066,chantelle
-1.9010918,9.2621,chantelle
-4.8237514,5.512301,chantelle
-2.2012212,8.680944,chantelle
-3.7192483,5.161328,chantelle
-2.5731246,8.6578455,chantelle
-0.58275175,8.260659,chantelle
-3.4996588,8.226686,chantelle
0.39876634,9.174227,chantelle
-2.8757362,8.6991205,chantelle
-5.969244,5.2749553,chantelle
-3.76791,9.0727,chantelle
4.7621565,8.65393,chantelle
1.3585801,9.149663,chantelle
4.921334,9.032477,chantelle
5.444452,9.349564,chantelle
5.371798,9.456683,chantelle
-3.484934,6.2724614,chantelle
0.6499511,9.610929,chantelle
5.100972,9.652241,chantelle
5.1677747,9.594494,chantelle
-2.7187939,9.1714735,chantelle
-3.7766485,5.983872,chantelle
-1.645494,8.543701,chantelle
0.2461168,9.305572,chantelle
-5.3617086,6.8976393,chantelle
5.6641345,8.920419,chantelle
-4.75122,7.68035,chantelle
1.3717133,8.96724,chantelle
-3.842193,8.2788515,chantelle
-3.5437467,8.419612,chantelle
5.481887,9.297106,chantelle
-1.1781057,8.425912,chantelle
-3.266703,9.105443,chantelle
5.555965,9.047368,chantelle
-2.091423,8.222379,chantelle
-4.6993876,6.9303126,chantelle
-4.226326,5.7188973,chantelle
-2.5803363,8.678618,chantelle
-4.65815,7.4445963,chantelle
-2.9039526,8.945249,chantelle
-3.1983032,9.277989,chantelle
-2.031146,9.4234915,chantelle
1.4674706,9.231638,chantelle
-3.1407676,6.9103727,chantelle
-2.3803787,8.098914,chantelle
-4.424057,6.151805,chantelle
-0.060098756,9.108435,chantelle
-2.9272037,8.526678,chantelle
-4.2688723,7.7769523,chantelle
-3.078985,7.5957623,chantelle
-2.405846,8.991341,chantelle
-5.2805552,7.119359,chantelle
-3.0069592,7.6239333,chantelle
-2.1994655,9.486525,chantelle
-5.2982063,5.887206,chantelle
-2.648922,9.611738,chantelle
-1.6193264,8.849513,chantelle
-4.1812997,5.3085575,chantelle
-2.722235,9.549537,chantelle
-4.031396,6.900527,chantelle
-2.4527364,9.640094,chantelle
-3.5634565,7.0916533,chantelle
1.1396619,8.9934845,chantelle
-6.0331683,6.581984,chantelle
-3.650417,9.164616,chantelle
-4.4466085,5.5538306,chantelle
-3.6167796,7.3105545,chantelle
-5.452368,5.0802956,chantelle
0.6662392,9.01906,chantelle
1.647948,9.010211,deterrimus
-2.7018416,6.196635,deterrimus
-3.1456993,8.048222,deterrimus
-4.336786,6.2277193,deterrimus
-2.2601814,7.387791,deterrimus
-1.8448327,9.370442,deterrimus
-3.9550085,6.4703155,deterrimus
-3.3114488,8.058225,deterrimus
-1.8219842,7.89801,deterrimus
-3.8913932,5.3461385,deterrimus
-4.2030897,8.149553,deterrimus
-3.6282918,5.8829136,deterrimus
-3.1915789,6.7779264,deterrimus
-4.9312315,5.1663213,deterrimus
-3.7957287,5.564303,deterrimus
-0.9948594,8.881255,deterrimus
-3.8953593,7.003164,deterrimus
-0.4446777,8.358462,deterrimus
-3.271934,9.0635195,deterrimus
-3.6753783,8.112892,deterrimus
-2.4853418,8.966495,deterrimus
-5.4942627,6.3966193,deterrimus
-4.6697226,5.741657,deterrimus
-3.851373,7.8110566,deterrimus
-5.1273656,7.246562,deterrimus
-4.6609263,6.4043846,deterrimus
-2.458058,7.3529882,deterrimus
-5.2548637,7.2501435,deterrimus
-2.453131,7.494537,deterrimus
-5.7552752,5.2190757,deterrimus
-2.500744,8.919581,deterrimus
5.7512703,8.725558,deterrimus
-1.9071597,8.25907,deterrimus
-3.049743,8.639569,deterrimus
-1.0393403,8.788154,deterrimus
-0.17381196,9.328992,deterrimus
-4.789709,6.7212763,deterrimus
-4.3289285,7.330038,deterrimus
-2.9805439,9.541609,deterrimus
-2.1124399,7.780505,deterrimus
-3.9557567,5.400681,deterrimus
-3.6826904,8.963701,deterrimus
-1.9189917,7.983155,deterrimus
5.7025986,8.802442,deterrimus
-5.326519,7.0105352,deterrimus
-3.0591254,8.296114,deterrimus
-5.7958426,5.4108195,deterrimus
-5.4054356,5.0138874,deterrimus
0.42847016,9.345732,deterrimus
-3.8205829,6.8884945,deterrimus
-6.0460052,6.440138,deterrimus
-4.83981,5.772019,deterrimus
-5.4828587,5.3112793,deterrimus
-4.1854115,5.26673,deterrimus
-0.19093171,8.862358,deterrimus
-4.1237383,8.793473,deterrimus
-2.1250715,8.814426,deterrimus
-5.840805,6.665484,deterrimus
-4.1334224,7.6393723,deterrimus
-3.429137,8.520437,deterrimus
-5.599577,5.889481,deterrimus
-4.1176963,7.416442,deterrimus
-2.9059908,5.0405593,deterrimus
-4.137373,6.7517366,deterrimus
-5.000634,5.7387023,deterrimus
-2.0716422,8.851727,deterrimus
-5.5135984,6.077635,deterrimus
-3.379888,9.119146,deterrimus
-3.5745568,8.489255,deterrimus
-4.0788836,8.042934,deterrimus
-3.485893,7.1149225,deterrimus
-3.8680801,8.1568,deterrimus
5.0776362,9.075392,deterrimus
-5.289552,5.631339,deterrimus
-0.7057159,8.771801,deterrimus
5.613325,9.068336,deterrimus
-3.803038,5.5633445,deterrimus
-3.2800848,8.030351,deterrimus
-3.7316093,8.479728,deterrimus
-5.2249312,6.9304276,deterrimus
-4.2098136,7.0255013,deterrimus
-3.039305,6.972348,deterrimus
-3.1666229,5.1805468,deterrimus
-4.545365,4.9931655,deterrimus
-2.9105027,4.988151,deterrimus
-2.5299733,9.324366,deterrimus
0.091829345,11.061573,deterrimus
-4.2145343,5.6563573,deterrimus
-5.3491063,6.2515945,deterrimus
-4.2221355,6.550981,deterrimus
-5.527997,6.7531877,deterrimus
-1.0700027,8.917294,deterrimus
-5.276573,5.139097,deterrimus
-1.8368217,9.064064,deterrimus
0.25410447,9.512037,deterrimus
-4.614263,5.7112546,deterrimus
-4.177632,6.9304757,deterrimus
0.42580158,9.363691,deterrimus
-3.601886,5.9756417,deterrimus
-3.5173378,5.9336247,deterrimus
-5.0878844,5.3425384,deterrimus
-3.9420397,8.044498,deterrimus
-3.3743865,8.964917,deterrimus
0.080273636,11.05896,deterrimus
-4.6813903,5.0638533,deterrimus
-1.4038818,8.859559,deterrimus
-3.577941,9.041365,deterrimus
-4.794498,7.22411,deterrimus
-3.609093,7.052399,deterrimus
-2.16477,7.856225,deterrimus
-3.8080645,8.727111,deterrimus
-4.1906095,7.582289,deterrimus
-2.868055,5.4566674,deterrimus
-1.6959314,8.939035,deterrimus
-4.5915875,5.045157,deterrimus
4.658093,9.1235485,deterrimus
0.43422258,10.080836,deterrimus
-0.9918607,9.304538,deterrimus
-4.397736,6.5360866,deterrimus
-4.2141004,5.6006894,deterrimus
4.908012,8.686526,deterrimus
-1.2348652,8.397507,deterrimus
-4.78772,5.098708,deterrimus
-4.376517,6.53083,deterrimus
-4.3020606,5.933996,deterrimus
-1.207812,9.06491,deterrimus
5.092864,9.657171,deterrimus
0.114397965,11.103852,deterrimus
-4.924279,5.4267607,deterrimus
-0.37121657,8.893578,deterrimus
-6.0130396,5.3413143,deterrimus
-1.5758871,8.487381,deterrimus
-3.8335464,5.980373,deterrimus
-5.022438,6.326225,deterrimus
-3.2984731,7.093036,deterrimus
-5.389366,5.025034,deterrimus
-5.008993,6.2467556,deterrimus
-2.9817255,8.712939,deterrimus
-3.5671196,4.73909,deterrimus
-5.6222916,5.318351,deterrimus
-5.3575463,5.027514,deterrimus
-4.079449,8.808227,deterrimus
-3.9577107,6.9383492,deterrimus
-0.67140615,8.764593,deterrimus
-5.015439,6.4715166,deterrimus
-1.2932574,8.300852,deterrimus
-4.6972327,5.065332,deterrimus
-3.4570746,8.989428,deterrimus
-4.4561896,5.055154,deterrimus
-0.12423657,9.173841,deterrimus
5.0210137,8.423615,deterrimus
-0.6886398,9.51581,deterrimus
-3.9225843,8.029023,deterrimus
-5.585127,7.1064935,deterrimus
5.6737523,8.871688,deterrimus
-3.8216548,6.3054414,deterrimus
-4.790335,8.34492,deterrimus
-4.3413553,5.7161884,deterrimus
-1.0879714,8.6637335,deterrimus
-4.225012,7.1825056,deterrimus
-2.206424,5.7706604,deterrimus
-6.1306334,5.6883993,deterrimus
-2.0751665,6.3867426,deterrimus
-5.032237,8.118926,deterrimus
-4.0866537,7.4409976,deterrimus
-5.4732165,6.6940145,deterrimus
-3.3364186,5.506501,deterrimus
0.053729665,10.414218,deterrimus
-2.7891464,8.52376,deterrimus
-5.5962133,5.6674876,deterrimus
-3.267036,8.660301,deterrimus
-3.3780875,8.057467,deterrimus
0.15087993,8.891981,deterrimus
-2.7752032,9.560966,deterrimus
-3.7322996,7.082709,deterrimus
-5.3850784,6.8611503,deterrimus
-4.373569,6.6221585,deterrimus
-4.986259,5.1379013,deterrimus
-4.3787236,6.4786196,deterrimus
-2.1642401,8.437801,deterrimus
-0.5513511,7.780435,deterrimus
5.7496576,8.684676,deterrimus
-3.8136396,6.7398677,deterrimus
-5.375267,5.938326,deterrimus
-3.110449,7.91232,deterrimus
-5.258641,5.040046,deterrimus
-1.872237,8.229452,deterrimus
-3.6858335,7.088637,deterrimus
-0.9381692,8.382775,deterrimus
-1.8478391,8.201424,deterrimus
-2.150008,8.564828,deterrimus
-0.9540149,8.484179,deterrimus
-4.9700613,6.122734,deterrimus
-1.2534153,8.297245,deterrimus
-4.747598,5.6369762,deterrimus
1.5320278,9.235049,deterrimus
-3.6550298,8.419184,deterrimus
-6.1343007,6.306312,deterrimus
-2.7100914,6.675032,deterrimus
-3.8977077,8.037677,deterrimus
-4.4508343,6.1562986,deterrimus
5.316777,9.353907,deterrimus
-3.6341648,7.138695,deterrimus
-4.7858725,5.6538396,deterrimus
-1.0477729,8.895201,deterrimus
-4.2717957,5.3412514,deterrimus
-3.2331388,5.293496,deterrimus
-4.5289826,8.162022,deterrimus
-3.9510703,8.45421,deterrimus
-1.3298099,8.510049,deterrimus
-0.60957974,8.347196,deterrimus
0.3129896,9.331094,deterrimus
-4.477456,6.38357,deterrimus
-5.347927,5.3687387,deterrimus
-2.9726896,7.8633685,deterrimus
-4.253915,5.512909,deterrimus
-2.7509754,5.713674,deterrimus
-4.9968762,6.1001325,deterrimus
-3.7628171,6.595669,deterrimus
0.032099184,9.416259,deterrimus
-4.280343,7.3535953,deterrimus
-3.862226,9.117031,deterrimus
-2.360519,7.9167905,rufus
0.7001098,9.900358,rufus
0.6256535,9.958545,rufus
-0.7542795,9.179545,rufus
-3.9106276,8.668156,rufus
-1.271682,8.984482,rufus
-2.7757359,8.050165,rufus
-3.0786674,8.326513,rufus
-1.8840833,8.627682,rufus
1.1710691,8.767503,rufus
-3.6305082,9.181756,rufus
-3.9247396,5.6382003,rufus
0.034054745,10.858863,rufus
-5.7576146,6.8033986,rufus
-4.5049014,7.7667165,rufus
-2.234136,7.140295,rufus
0.6113644,9.99403,rufus
-4.2094545,6.360771,rufus
-4.2990365,6.897261,rufus
4.130766,8.597896,rufus
-3.4212558,9.19952,rufus
1.2495824,8.7993145,rufus
-3.0538797,8.80765,rufus
-3.7344584,7.683872,rufus
-2.3588912,7.9213524,rufus
-4.6348376,6.105714,rufus
-0.65335375,9.233632,rufus
-3.3350632,8.290772,rufus
-3.198465,8.381906,rufus
-2.964558,7.961714,rufus
-2.895776,8.277538,rufus
-3.2954273,8.421089,rufus
-4.421171,7.331376,rufus
-4.07609,7.550964,rufus
-3.7813818,8.046472,rufus
-1.8926983,9.013703,rufus
-2.214949,6.9015627,rufus
0.0708738,10.724601,rufus
-2.9107661,7.041053,rufus
-5.804331,6.1927233,rufus
-4.5918202,8.2094345,rufus
-5.5420575,7.049163,rufus
-2.5522072,8.534234,rufus
-4.3929334,7.8346553,rufus
-3.2509003,9.264363,rufus
-4.4654307,5.262298,rufus
-2.6292922,7.9463634,rufus
-0.8478051,9.4758215,rufus
5.03834,9.142494,rufus
-2.3260365,7.5847597,rufus
-0.8988293,8.820531,rufus
-3.739339,8.102261,rufus
4.6041827,8.573472,rufus
-1.9653785,8.023118,rufus
-4.191457,6.378469,rufus
-1.0549977,8.353592,rufus
-2.4950933,8.67971,rufus
-0.02432129,8.2473545,rufus
-1.369838,8.118028,rufus
-3.8824377,7.873234,rufus
-4.5150843,7.226802,rufus
-3.2405174,6.4390492,rufus
-2.2894504,8.339256,rufus
-4.4982896,6.362422,rufus
-5.1500835,6.6231194,rufus
-0.98573977,8.835988,rufus
-5.973233,6.3343406,rufus
-3.958384,5.84273,rufus
-1.6762931,8.775069,rufus
0.9996676,8.947572,rufus
-4.5676103,7.556,rufus
-0.52905375,7.9103646,rufus
-4.115015,7.638799,rufus
-3.9860463,8.058799,rufus
-3.0493982,7.2318664,rufus
-2.798729,5.681698,rufus
-1.2287632,8.8362055,rufus
-2.7451265,7.7240267,rufus
-3.4054248,8.23732,rufus
-4.61229,6.2163806,rufus
-3.9988341,6.1298842,rufus
-2.5492709,8.836238,rufus
5.804055,8.410879,rufus
-4.3945646,7.757341,rufus
-2.1626482,7.9762254,rufus
-3.6341758,9.139864,rufus
-3.5422907,9.130789,rufus
-1.4209192,8.013817,rufus
-4.326343,8.507851,rufus
-5.5587397,6.2083397,rufus
-0.14962986,8.539148,rufus
-2.865629,8.583153,rufus
-2.1885643,7.66494,rufus
-0.52645874,9.46213,rufus
-0.5899566,8.13042,rufus
-1.8663231,7.170568,rufus
-5.1769757,7.32605,rufus
-1.3250151,8.453899,rufus
-4.014969,7.628134,rufus
-1.9389762,9.330291,rufus
-3.5166416,8.99696,rufus
-3.8118155,7.937315,rufus
4.9405904,9.56796,rufus
-6.361502,5.524158,rufus
0.20611314,9.335572,rufus
-4.894797,7.201513,rufus
-3.3121192,7.7119937,rufus
-5.1503763,6.316964,rufus
-2.8924413,9.087468,rufus
-3.4410594,7.9636545,rufus
-5.1998677,5.5214734,rufus
-3.8436115,7.0656924,rufus
4.49023,8.73065,rufus
-1.8314877,8.819587,rufus
-0.099266924,9.433261,rufus
-4.9975476,7.698507,rufus
1.441576,8.890347,rufus
-0.56453925,8.695174,rufus
-3.0715666,7.132717,rufus
-3.7751708,6.343294,rufus
-1.4625337,8.001868,rufus
-4.9247723,6.039187,rufus
-5.925569,6.2971845,rufus
-1.3715694,7.8528953,rufus
-2.3396165,8.281299,rufus
4.6795254,8.693174,rufus
-4.7735,8.0260725,rufus
-3.2226105,8.1102495,rufus
-1.2112126,9.152773,rufus
-5.7588153,6.662904,rufus
0.49704602,8.849531,rufus
0.16831863,8.6337595,rufus
-6.209475,6.01431,rufus
-3.9794903,8.755073,rufus
-4.6356115,7.908291,rufus
-4.7783113,7.522905,rufus
-3.8708231,8.589828,rufus
-5.986924,5.9255176,rufus
-2.4353325,8.423299,rufus
-0.26296738,9.453007,rufus
-1.541476,8.437323,rufus
-3.9155931,5.111194,rufus
-3.0172691,9.014368,rufus
-2.5240357,8.173875,rufus
-3.5544593,6.239831,rufus
-1.4298897,8.744472,rufus
-3.8877265,8.639222,rufus
1.2289963,8.7895975,rufus
-5.922312,6.018946,rufus
-4.286405,8.167876,rufus
-1.1138527,8.32529,rufus
0.6231099,9.927211,rufus
-4.146069,7.4438663,rufus
-5.8721786,7.1409354,rufus
-1.5985823,9.3490715,rufus
0.6481093,9.750652,rufus
-4.9149017,6.540326,rufus
-0.89835113,9.388771,rufus
0.0013364599,10.2572,rufus
5.7981315,8.267422,rufus
-3.913952,4.8574905,rufus
-0.50771356,8.289603,rufus
-6.1891537,5.3125706,rufus
-1.9525024,8.786129,rufus
-4.324887,8.233743,rufus
-4.0865707,8.808132,rufus
5.1053185,8.471998,rufus
-5.7564325,6.5639133,rufus
-3.1915627,7.688267,rufus
-4.450215,5.8088856,rufus
-4.360193,7.8976665,rufus
-3.4389946,8.23905,rufus
-1.2446672,9.060691,rufus
-5.8724117,6.4908524,rufus
-2.5561447,8.897685,rufus
-0.93550617,8.599711,rufus
-5.671984,6.444133,rufus
-5.6278253,6.572213,rufus
-4.0567756,8.897214,rufus
-4.7578497,7.9552503,rufus
-4.119033,7.618734,rufus
0.8398667,9.071417,rufus
-3.7351391,7.558897,rufus
-2.5820806,8.040791,rufus
-5.278632,6.7065253,rufus
-3.2291965,9.182303,rufus
-3.519652,9.258785,rufus
-4.060735,7.5365973,rufus
-3.7606797,8.1854515,rufus
-2.1406915,8.033532,rufus
-2.6894486,8.531661,rufus
-4.073025,7.762036,rufus
-3.4060874,8.177753,rufus
-2.3349254,7.3861413,rufus
0.0643918,9.425165,rufus
-2.017476,6.449269,rufus
-3.7407222,7.6344504,rufus
-6.443809,5.1683617,rufus
-1.368359,7.8554883,rufus
1.206137,8.813039,rufus
-2.685246,7.8766394,rufus
4.620621,8.601743,rufus
-5.2067204,5.242689,rufus
-5.1020427,7.62087,rufus
-4.3884616,8.377529,rufus
-2.817738,9.174585,rufus
-3.093097,5.2942595,rufus
-3.167235,8.314239,rufus
-3.7414086,4.978996,rufus
-0.5697908,8.358882,rufus
-3.701036,9.168006,rufus
-4.2342324,7.4851503,rufus
-2.5533614,7.23278,rufus
5.50185,8.823394,rufus
-3.7088747,8.493075,rufus
-2.6829677,9.047707,rufus
-3.4618335,9.107595,rufus
-3.546914,6.7273197,rufus
-4.3261485,8.572386,rufus
0.1786406,8.905701,rufus
-4.146632,7.8181057,rufus
-2.921203,6.5809016,rufus
-2.3206003,9.522674,rufus
-3.8623393,6.589689,rufus
-1.2310485,9.217848,rufus
0.7935817,8.81573,rufus
5.0222716,8.858836,rufus
-5.3020387,6.150645,torminosus
-4.3501067,7.8078465,torminosus
-4.3343716,5.0763593,torminosus
4.952604,9.502974,torminosus
1.0210317,8.668476,torminosus
-4.2438817,5.6578794,torminosus
-3.7934673,6.238119,torminosus
5.468162,8.86137,torminosus
-3.665099,5.197618,torminosus
-3.2137125,9.334949,torminosus
-2.9229336,8.065569,torminosus
-5.360362,5.000557,torminosus
-4.549931,5.2098927,torminosus
-6.0257225,5.742719,torminosus
-4.199024,5.9478354,torminosus
-6.13465,6.195009,torminosus
-3.1978657,5.345252,torminosus
-4.135738,6.2326756,torminosus
-2.2166772,6.6195908,torminosus
-2.7214198,5.3791227,torminosus
-5.142204,5.7023287,torminosus
-2.752054,5.1157,torminosus
4.9399686,8.626329,torminosus
-0.67177236,7.5589347,torminosus
-4.0654025,4.871909,torminosus
-2.2820575,5.9723883,torminosus
-0.24221972,8.361949,torminosus
-4.7308774,4.7275124,torminosus
-5.7029476,5.87224,torminosus
-1.0346686,8.758353,torminosus
-1.8786517,8.530537,torminosus
-4.393836,6.074605,torminosus
5.008026,8.688892,torminosus
-1.1009077,8.9238,torminosus
-3.2543375,9.177461,torminosus
-6.0337124,5.996606,torminosus
-0.87190807,8.253023,torminosus
-0.50325704,7.6819663,torminosus
-3.4091823,5.573199,torminosus
-2.4354002,7.397147,torminosus
-2.773699,5.168906,torminosus
-1.9123043,8.004163,torminosus
-2.13939,9.445294,torminosus
-0.7103505,8.378078,torminosus
0.26027057,9.302432,torminosus
-2.2373986,6.9926057,torminosus
5.3424425,9.380403,torminosus
-4.1198645,7.403071,torminosus
-0.6367523,7.4625406,torminosus
-2.8590262,7.1967435,torminosus
-2.441822,6.658034,torminosus
-2.2665672,6.6394315,torminosus
5.5901885,8.5619,torminosus
-2.8520715,5.2484417,torminosus
-2.83813,6.919541,torminosus
-5.3712063,6.676964,torminosus
-2.6740155,6.181538,torminosus
-2.337703,7.8088603,torminosus
-1.9560206,8.656525,torminosus
-5.230192,4.903905,torminosus
-3.3764074,5.7554097,torminosus
-1.6343107,7.6560693,torminosus
-0.095957235,8.595856,torminosus
-5.79621,5.7147856,torminosus
-3.2233794,8.893666,torminosus
1.70197,9.101155,torminosus
-4.1230755,6.975062,torminosus
-5.3667097,5.485266,torminosus
-1.7204952,8.442564,torminosus
-4.324864,4.789133,torminosus
-3.666119,5.6547866,torminosus
-4.6520004,5.949769,torminosus
-4.1446896,5.49171,torminosus
-2.8829362,5.073728,torminosus
-1.6402001,8.699322,torminosus
-2.8334339,9.481038,torminosus
-2.7305198,5.0949693,torminosus
-1.5883467,7.4964595,torminosus
0.04987631,11.088044,torminosus
-3.6151857,6.1982737,torminosus
-2.9417112,5.9717865,torminosus
-3.6995442,7.633624,torminosus
-6.222414,6.074479,torminosus
-3.1006963,5.291317,torminosus
-5.2815237,5.5295095,torminosus
-1.6622436,7.200618,torminosus
-6.1318774,5.337956,torminosus
-4.102446,8.161292,torminosus
-1.2896307,9.54827,torminosus
-3.532772,4.9770017,torminosus
-2.3576777,6.0530066,torminosus
-2.360428,5.797336,torminosus
-1.7164526,6.8283043,torminosus
-6.106041,6.3682275,torminosus
-3.4316075,5.1965866,torminosus
-1.2437254,7.952062,torminosus
-2.1363218,8.776964,torminosus
-0.029311072,10.221618,torminosus
-4.4832315,5.443891,torminosus
-5.773637,6.4377537,torminosus
-2.4885702,6.3979297,torminosus
-4.2538877,6.37178,torminosus
-4.0067945,6.0735507,torminosus
-3.876193,6.353521,torminosus
-4.0380282,5.881479,torminosus
-2.4346375,6.7700934,torminosus
-3.505543,7.1129136,torminosus
-0.86994123,8.564966,torminosus
-1.7098967,8.488638,torminosus
-3.1679544,7.51665,torminosus
-3.0981724,5.3775053,torminosus
-5.185143,5.0594616,torminosus
-1.8203748,9.170451,torminosus
-3.1987946,6.5482745,torminosus
-1.3536755,8.687279,torminosus
0.08473998,11.068605,torminosus
-1.0390146,7.882734,torminosus
-4.2550473,7.280192,torminosus
-4.4534836,5.4705815,torminosus
-2.7369494,6.685094,torminosus
-5.4897537,5.0518255,torminosus
5.4476438,9.274799,torminosus
-2.0881805,6.7957983,torminosus
-3.1415353,6.2290473,torminosus
-4.491521,5.878642,torminosus
-4.56556,5.8635774,torminosus
-3.9474065,5.7160606,torminosus
-2.849288,5.017721,torminosus
-5.0756717,5.003365,torminosus
-2.4755652,6.8125653,torminosus
-5.7022285,5.900358,torminosus
-0.79568875,7.3760376,torminosus
-1.8391243,7.224903,torminosus
-4.2388415,6.185241,torminosus
-5.145872,5.0199523,torminosus
5.184895,9.096644,torminosus
0.9691326,9.068646,torminosus
-3.6722445,6.436474,torminosus
-3.0755131,5.0073056,torminosus
-4.3337336,6.2678638,torminosus
-0.992715,7.8125873,torminosus
-4.1964293,6.1324897,torminosus
5.1754527,9.463173,torminosus
-4.6908083,5.41725,torminosus
-3.9770484,7.47224,torminosus
-4.2864223,5.131081,torminosus
-2.6121674,6.4457946,torminosus
-3.1268992,6.387131,torminosus
-2.555464,7.748855,torminosus
-1.8819681,6.8835974,torminosus
-2.1505914,6.326373,torminosus
-4.20382,6.0370774,torminosus
-1.1542575,8.148972,torminosus
-2.2966428,8.152412,torminosus
-1.754788,7.652995,torminosus
-3.0531466,7.0045195,torminosus
-5.58399,6.3381715,torminosus
-5.362319,5.983169,torminosus
-3.818551,7.5573053,torminosus
-3.5017314,6.0562534,torminosus
-3.8467016,7.1901383,torminosus
-2.1057503,7.7112374,torminosus
-3.7081745,5.655342,torminosus
-3.442064,4.8638053,torminosus
-4.81056,5.405557,torminosus
-3.3769746,4.806674,torminosus
-4.134664,8.769614,torminosus
4.9044347,8.738609,torminosus
-3.6322217,6.1148705,torminosus
-5.7415104,6.666625,torminosus
-5.3723173,5.1501055,torminosus
-3.0046248,5.7894135,torminosus
-5.8016334,5.081102,torminosus
-3.640879,8.951693,torminosus
-4.8665977,5.863738,torminosus
-2.1481128,6.3204975,torminosus
-2.7016563,8.376147,torminosus
-2.5099838,5.6388545,torminosus
-2.6002622,5.5425024,torminosus
-3.1035452,5.1656394,torminosus
-3.4601703,5.0287585,torminosus
5.168005,9.130971,torminosus
-3.021085,9.21284,torminosus
-5.3934665,5.2617097,torminosus
-5.0749507,7.0819864,torminosus
-1.4474632,8.519839,torminosus
-4.611,4.966237,torminosus
-3.0267324,7.4849615,torminosus
-4.275664,4.7553163,torminosus
-4.0254393,6.750738,torminosus
-2.2597768,6.069605,torminosus
-2.3581233,8.954239,torminosus
-1.5367249,7.6405883,torminosus
-2.51198,5.325414,torminosus
-3.733812,9.048423,torminosus
-4.3537936,5.8141413,torminosus
5.4415727,9.232684,torminosus
-4.484275,5.4483495,torminosus
-2.951979,6.8953643,torminosus
-3.348339,7.851608,torminosus
-5.8078847,6.0826626,torminosus
-0.09791876,8.58367,torminosus
4.5113034,9.133966,torminosus
-5.5492454,5.8270574,torminosus
-1.1564845,8.693174,torminosus
-3.383118,4.7964487,torminosus
-4.994466,5.048036,torminosus
-0.7978039,7.722376,torminosus
-1.5163081,8.688586,torminosus
5.4180055,8.820009,torminosus
-4.3344827,6.4154997,torminosus
-2.4971716,7.141923,torminosus
-5.250502,5.5231295,torminosus
-5.9163117,5.585804,torminosus
-3.137917,6.8969903,torminosus
-5.037016,5.563178,torminosus
-3.823477,5.1126456,torminosus
5.796801,8.310909,torminosus
-2.0610623,6.2517905,torminosus
-2.8341749,5.5029345,torminosus
-5.347117,5.0339684,torminosus
-3.2481837,4.8366065,torminosus
-2.0076468,6.20204,torminosus
-2.3102074,9.152902,torminosus
-2.2777276,6.4929442,torminosus
-2.6029367,6.6056457,torminosus
-3.1406913,5.173997,torminosus
-0.2962606,8.622013,torminosus
-5.8655577,5.7310386,torminosus
-3.7473521,6.3095403,torminosus
-3.3477798,8.993097,torminosus
-2.4514258,6.8089733,torminosus
-3.570498,7.1815004,torminosus
-6.4979463,5.242475,torminosus
-3.2220678,4.9438224,torminosus
-4.320322,6.0785165,torminosus
-4.541861,5.4398394,torminosus
-2.7136993,8.994119,torminosus
-3.7679493,5.9337826,torminosus
-2.5985909,6.428231,torminosus
-1.8683901,8.196654,aurantiacum
4.8033175,9.186113,aurantiacum
-2.2485008,8.954602,aurantiacum
-3.6493301,8.193342,aurantiacum
-5.1845894,6.88989,aurantiacum
-1.5871673,8.744096,aurantiacum
5.160476,8.944421,aurantiacum
-1.8815609,7.8334804,aurantiacum
0.0693171,10.952132,aurantiacum
5.0680375,9.110786,aurantiacum
1.191573,8.926767,aurantiacum
-4.132233,8.313961,aurantiacum
-2.6004179,8.569242,aurantiacum
0.058083646,8.974291,aurantiacum
-1.0711817,8.707736,aurantiacum
-1.8795199,9.155781,aurantiacum
-4.4394207,6.2051573,aurantiacum
-3.8990262,8.129916,aurantiacum
-1.9634805,8.696915,aurantiacum
0.18530637,10.025412,aurantiacum
0.21585752,10.109822,aurantiacum
-3.6522646,9.214229,aurantiacum
-4.387743,8.495317,aurantiacum
-3.706125,9.001457,aurantiacum
5.158055,9.108614,aurantiacum
-4.5558915,4.9290595,aurantiacum
-5.5583262,6.7678795,aurantiacum
-1.719968,8.908877,aurantiacum
-3.5303192,6.830726,aurantiacum
-0.4309112,8.771105,aurantiacum
-1.0970925,8.933527,aurantiacum
-4.5505624,5.889933,aurantiacum
-3.2616494,6.008503,aurantiacum
-2.8134527,8.952222,aurantiacum
5.3153825,9.318854,aurantiacum
-2.704889,8.69889,aurantiacum
-2.7710352,8.467196,aurantiacum
-2.1966028,8.628505,aurantiacum
-1.6295334,9.210123,aurantiacum
-6.3722286,5.21573,aurantiacum
-0.75881696,8.189403,aurantiacum
1.122946,9.0278425,aurantiacum
-6.014552,6.425129,aurantiacum
-4.754511,7.889225,aurantiacum
-3.8033297,8.9401,aurantiacum
-2.0597878,7.2494307,aurantiacum
0.09672028,11.030037,aurantiacum
-2.9402478,7.0273204,aurantiacum
-3.9323163,5.777904,aurantiacum
1.6565264,8.92129,aurantiacum
-2.5378697,7.36566,aurantiacum
-0.21591397,8.517939,aurantiacum
-3.7293096,9.305032,aurantiacum
-4.48012,5.0021057,aurantiacum
-0.84633106,9.353739,aurantiacum
-0.73560274,8.226658,aurantiacum
-5.0871267,5.0630307,aurantiacum
-4.2201715,6.6743684,aurantiacum
-0.5288991,8.33901,aurantiacum
-5.3514185,6.293698,aurantiacum
-0.5898669,8.173949,aurantiacum
-5.1431894,6.1782017,aurantiacum
-4.565697,8.090464,aurantiacum
-2.9530962,8.5424595,aurantiacum
5.2364907,8.742016,aurantiacum
-1.3755188,7.9184637,aurantiacum
0.8766699,8.70361,aurantiacum
-2.4365418,7.8958974,aurantiacum
-2.249982,8.346528,aurantiacum
-0.82268786,8.662867,aurantiacum
-4.1640787,8.333017,aurantiacum
-3.8204591,8.099298,aurantiacum
-0.26034454,9.331853,aurantiacum
0.052812237,11.018979,aurantiacum
-4.2616496,7.721937,aurantiacum
-1.5789151,8.045976,aurantiacum
-6.216111,5.572551,aurantiacum
-3.1986449,8.151272,aurantiacum
-3.5970495,9.159914,aurantiacum
-1.2113597,9.1744585,aurantiacum
-3.3644886,6.9488025,aurantiacum
0.27395818,9.340654,aurantiacum
-2.5944614,8.507909,aurantiacum
-0.9167534,8.321129,aurantiacum
-4.175115,9.038658,aurantiacum
-5.125891,5.6528344,aurantiacum
-3.6400466,8.794549,aurantiacum
-2.5887992,8.337595,aurantiacum
-1.6349951,9.329683,aurantiacum
-4.3001065,8.75357,aurantiacum
-3.7672236,7.5697484,aurantiacum
-2.5228503,7.342771,aurantiacum
-2.8120797,7.8275976,aurantiacum
-2.6128864,8.286552,aurantiacum
-1.8537469,8.756787,aurantiacum
-1.4813786,9.152839,aurantiacum
-0.6446193,8.979811,aurantiacum
-2.641118,5.127766,aurantiacum
-2.091841,8.134132,aurantiacum
-5.0777354,7.662185,aurantiacum
-6.123914,6.059339,aurantiacum
-5.0351763,5.47726,aurantiacum
-5.7975717,6.4304004,aurantiacum
5.0233707,9.044325,aurantiacum
-5.3892612,6.5583034,aurantiacum
-3.81808,6.591678,aurantiacum
5.762408,8.295936,aurantiacum
-3.753924,6.3023987,aurantiacum
-2.816555,8.132232,aurantiacum
-1.8790926,9.34863,aurantiacum
-1.076025,8.883608,aurantiacum
-4.0288,8.255676,aurantiacum
-0.51403856,9.008892,aurantiacum
0.6108634,9.997485,aurantiacum
1.5719676,9.238604,aurantiacum
4.658655,8.5537405,aurantiacum
-0.34196588,8.129779,aurantiacum
-3.5622728,9.226786,aurantiacum
-0.4691682,9.5333,aurantiacum
-3.1588156,7.539301,aurantiacum
-2.0124803,7.811313,aurantiacum
0.89973444,8.704699,aurantiacum
0.107052274,10.8202305,aurantiacum
-5.590371,6.5488224,aurantiacum
4.919417,8.86009,aurantiacum
-2.3242097,9.0412855,aurantiacum
-5.702283,6.5947523,aurantiacum
-4.4588466,8.610606,aurantiacum
-2.6089225,7.363734,aurantiacum
-0.57624894,8.759809,aurantiacum
0.69386446,9.879569,aurantiacum
-2.6849816,8.207674,aurantiacum
-5.6667476,6.783219,aurantiacum
0.1611032,9.999373,aurantiacum
0.29030526,10.141447,aurantiacum
-4.17636,8.4561205,aurantiacum
-4.6597953,7.538947,aurantiacum
-3.9683506,6.9395247,aurantiacum
-4.661647,8.102906,aurantiacum
-4.3880343,8.625499,aurantiacum
-4.811073,7.914849,aurantiacum
-0.658414,8.789262,aurantiacum
-3.32672,7.746167,aurantiacum
-3.662415,7.9031806,aurantiacum
-0.9913779,8.113321,aurantiacum
5.116515,9.109059,aurantiacum
-6.1961603,5.222055,aurantiacum
-5.094802,7.6412873,aurantiacum
-4.569906,7.850729,aurantiacum
1.5887871,9.1431055,aurantiacum
5.1302805,8.81605,aurantiacum
-5.4732747,5.5955257,aurantiacum
-4.54747,7.902898,aurantiacum
4.671206,8.45597,aurantiacum
-5.059412,5.632546,aurantiacum
-6.097405,5.765196,aurantiacum
-1.2882432,8.988532,aurantiacum
-6.2135673,5.6054688,aurantiacum
-1.7863456,8.608527,aurantiacum
-1.145756,8.643691,aurantiacum
-4.4520288,6.799708,aurantiacum
-2.7293742,7.7490063,aurantiacum
-1.2887728,8.734515,aurantiacum
-4.4680037,7.0878086,aurantiacum
-1.7187634,8.830053,aurantiacum
-3.6202006,5.275601,aurantiacum
-2.210456,8.656648,aurantiacum
-4.8711195,5.874649,aurantiacum
-4.8050036,7.6243033,aurantiacum
-3.642026,8.364959,aurantiacum
0.51452744,8.864747,aurantiacum
0.04232403,10.485516,aurantiacum
-3.6654112,7.439669,aurantiacum
-3.7112298,9.02985,aurantiacum
-4.709303,7.9315443,aurantiacum
-0.81545174,8.615138,aurantiacum
-0.8302,9.067532,aurantiacum
-4.7349596,5.9657326,aurantiacum
-2.510869,8.19353,aurantiacum
4.1997557,8.779518,aurantiacum
-2.065992,8.560914,aurantiacum
-1.629877,8.417155,aurantiacum
-5.007497,7.3933916,aurantiacum
-4.626447,4.8854775,aurantiacum
-1.38643,9.215577,aurantiacum
-4.9629416,5.2989955,aurantiacum
-4.043426,7.785342,aurantiacum
-1.571349,8.179158,aurantiacum
0.15976878,10.210891,aurantiacum
-6.1727085,6.351056,aurantiacum
-1.3763384,8.935495,aurantiacum
-2.9171386,9.10632,aurantiacum
-6.307827,5.482292,aurantiacum
5.0236897,9.190321,aurantiacum
-4.5588326,6.7004786,aurantiacum
-2.9120226,8.370578,aurantiacum
-3.0060382,8.255331,aurantiacum
-5.076466,7.617161,aurantiacum
-4.175451,8.105822,aurantiacum
-4.2720203,9.042758,aurantiacum
-4.341168,8.228646,aurantiacum
-1.7388011,8.318215,aurantiacum
-5.341567,7.248451,aurantiacum
-0.9602481,8.747853,aurantiacum
-1.075155,8.486964,aurantiacum
-0.7078664,9.03167,aurantiacum
-2.91287,6.891555,aurantiacum
-5.225297,6.823249,aurantiacum
-2.9091544,7.7052636,aurantiacum
-3.935155,9.1935215,aurantiacum
-4.8480735,7.3051004,aurantiacum
-3.9379091,6.7853665,aurantiacum
5.001957,9.13549,aurantiacum
-2.4636953,9.390636,aurantiacum
-2.44183,8.290163,aurantiacum
0.67140085,8.84553,aurantiacum
1.0982435,8.82364,aurantiacum
1.2896204,8.9155,aurantiacum
-4.112947,7.654801,aurantiacum
-3.9931662,8.64505,aurantiacum
-0.82479876,7.951537,aurantiacum
-1.1945918,8.583089,aurantiacum
0.8753885,9.185623,aurantiacum
-2.8570442,7.675174,aurantiacum
0.84534746,8.635929,aurantiacum
5.3830547,9.275969,aurantiacum
-1.6111394,9.109166,aurantiacum
-2.421345,8.310688,aurantiacum
-3.9493616,8.42412,aurantiacum
-5.846651,6.1450725,aurantiacum
-4.9531097,7.151608,aurantiacum
-5.23904,6.120571,aurantiacum
-3.2841067,8.197623,aurantiacum
-3.5846744,6.858553,aurantiacum
0.43180418,8.337418,aurantiacum
-4.6864924,7.0587845,aurantiacum
5.103477,8.79357,aurantiacum
-2.3016667,8.953011,aurantiacum
-3.4285302,6.1086535,procera
5.538539,8.895276,procera
-1.7244692,7.9476438,procera
-3.4342153,6.538041,procera
-0.342184,8.456472,procera
-0.8909773,8.945965,procera
-2.5557718,9.441938,procera
-0.72117865,7.9892936,procera
-2.095836,6.4891787,procera
-1.870693,6.9593635,procera
-1.0499811,8.617531,procera
0.16223422,8.549399,procera
-0.83805734,8.776959,procera
5.424422,8.622753,procera
-4.4304137,5.458776,procera
-2.646864,5.8620563,procera
5.177237,8.506293,procera
-3.8815525,7.5375133,procera
-5.635938,5.5805383,procera
-2.760108,6.43422,procera
-3.3362107,6.4703455,procera
5.634541,8.867433,procera
-4.4085503,6.7190924,procera
-2.4977288,7.151545,procera
-6.200244,5.710329,procera
0.10260939,11.079066,procera
-5.2327394,6.749796,procera
-2.9057035,8.33951,procera
-2.4998534,6.6580567,procera
-5.3335977,6.1715183,procera
-0.21229991,7.9589233,procera
-2.8135514,6.9758487,procera
-4.236277,4.7664957,procera
-4.8747377,6.977541,procera
-3.9505615,7.426339,procera
-1.202467,8.455634,procera
-0.35086215,8.185484,procera
-3.996446,7.4277616,procera
-4.231257,5.988757,procera
-2.984873,7.506174,procera
-2.9535878,7.41138,procera
-0.41251135,8.002404,procera
1.2785037,8.8538685,procera
-3.797637,7.700893,procera
-3.99704,7.399634,procera
0.49950173,8.669008,procera
-6.0160937,5.3597584,procera
-0.56847745,8.372413,procera
5.47241,8.654274,procera
-0.99814427,9.043159,procera
-4.15893,8.978025,procera
-3.3331678,7.2774987,procera
-6.3414044,5.709675,procera
-3.5553932,7.347365,procera
-3.3460574,5.1247816,procera
-3.3630068,8.830679,procera
-4.3231006,6.9016147,procera
-1.5692157,8.186673,procera
-0.19911501,7.807092,procera
-2.527383,6.5194526,procera
-3.0310347,6.276673,procera
-3.390127,8.106896,procera
4.6772113,8.798976,procera
1.0540639,8.798004,procera
-0.6626639,8.644029,procera
-0.61019695,8.98357,procera
5.4997854,8.520347,procera
-2.0211627,8.534131,procera
-3.886839,7.6257067,procera
-5.9626174,6.438876,procera
-1.6410428,9.427099,procera
-3.9029996,5.5966296,procera
-1.4710873,7.399121,procera
-3.2618454,4.9768434,procera
0.070180036,10.27236,procera
-4.535456,7.105959,procera
-2.6168454,6.93775,procera
-3.0052226,9.4515505,procera
-4.857184,6.783595,procera
-3.0936525,6.4578543,procera
-0.8860123,8.801238,procera
-0.2851868,8.268551,procera
-2.8984184,6.137161,procera
-5.5137196,6.6089816,procera
-0.24157122,9.3682165,procera
-2.7254093,6.204517,procera
-3.1637363,6.636124,procera
0.488703,8.838106,procera
-5.071003,5.611178,procera
-2.8527405,6.3134036,procera
-2.2541463,6.1265144,procera
-2.875728,7.1586776,procera
0.40561405,8.662489,procera
-0.76497966,8.062892,procera
-2.8292584,6.72344,procera
-2.843407,8.459523,procera
-6.192335,6.295257,procera
-4.0305834,6.2440624,procera
-1.5141697,9.3073435,procera
-5.975116,5.2560277,procera
-1.4032422,8.543115,procera
-3.40971,9.395706,procera
-2.9049141,7.349783,procera
-3.2411826,5.8591375,procera
-2.45185,6.78857,procera
-2.590003,5.9866805,procera
-1.0509748,8.334804,procera
-2.4701965,6.651004,procera
0.30068967,8.578148,procera
5.2484612,8.577176,procera
5.0902195,8.555428,procera
-4.5698004,5.1193595,procera
-2.4566598,6.1144137,procera
-3.0715327,7.1008987,procera
-3.1314433,9.46279,procera
-0.27329537,10.502134,procera
0.722642,9.175205,procera
-2.8378162,6.1178503,procera
5.480937,8.651494,procera
-4.3564644,7.640253,procera
-4.214879,6.4527254,procera
-4.695002,4.997473,procera
1.2760366,8.925048,procera
1.5676003,9.137751,procera
-3.3100684,7.169472,procera
-1.0635535,8.633865,procera
-4.3688354,4.7424517,procera
-4.2998514,4.7888923,procera
4.3712606,8.82249,procera
-2.072399,6.947902,procera
0.31791997,9.447746,procera
-2.5450144,7.8987775,procera
-1.9405011,8.669385,procera
-4.2945437,7.3526945,procera
0.123572424,11.116318,procera
-1.6814481,8.076115,procera
5.5658727,8.892329,procera
-1.1230763,8.233493,procera
-2.410159,8.372436,procera
-2.732401,7.096772,procera
-2.6947103,7.1180706,procera
-3.808536,9.430688,procera
-5.227163,6.4666524,procera
5.582193,8.311536,procera
-4.189558,8.164648,procera
-4.3343167,7.277309,procera
-3.6985235,8.683666,procera
-1.3014529,8.924681,procera
5.1829457,8.905549,procera
-2.4131742,6.7059712,procera
-0.55228907,9.280952,procera
-3.0130703,6.166998,procera
-6.102235,6.5481954,procera
-4.716201,4.966402,procera
-1.0862337,8.610803,procera
-4.399596,7.1606812,procera
-1.4615557,8.489463,procera
-2.8326561,4.986543,procera
4.67323,8.745534,procera
0.8677162,8.692842,procera
-3.3738856,6.1889124,procera
4.666223,8.505153,procera
-1.4071923,9.084277,procera
5.3901534,8.567522,procera
-2.5797708,9.531062,procera
-2.951424,5.4005575,procera
-3.8226786,6.071702,procera
1.2550583,8.823624,procera
-1.5582688,8.951504,procera
-4.9756694,6.3609576,procera
-3.6648536,6.76589,procera
-3.2376206,9.473172,procera
-3.26062,8.0059,procera
0.49143922,9.814168,procera
-5.9416595,6.5709114,procera
0.2391858,9.0373,procera
-1.6077192,8.384593,procera
-0.27141896,7.823371,procera
-3.2184951,9.476739,procera
0.3805989,10.00405,procera
-4.196002,5.423601,procera
-2.0251303,6.3489485,procera
-3.6834447,7.0662932,procera
-1.9532614,7.7738595,procera
-0.1713061,8.105683,procera
-5.614903,6.404516,procera
-5.762513,5.4856243,procera
4.8686323,8.874729,procera
-2.5472002,6.1197715,procera
-2.4671688,7.752292,procera
1.2833451,9.046114,procera
-6.5071607,5.244034,procera
-2.3875532,8.4197035,procera
-4.7618957,7.9205303,procera
-2.31895,7.611718,procera
-3.284509,6.569777,procera
-3.5442271,7.607731,procera
-1.6370739,9.565367,procera
-1.2587603,9.101742,procera
-2.4180894,6.453274,procera
5.530406,8.721689,procera
-2.0666153,7.834439,procera
-0.04156039,8.720409,procera
-2.5620868,7.1773825,procera
-3.2755651,7.8425045,procera
-2.6146758,8.158286,procera
-3.4691925,7.4162083,procera
5.4368978,8.627337,procera
-1.46931,8.259077,procera
-0.14615774,8.095285,procera
-1.6030097,8.000926,procera
5.0889506,8.59973,procera
-2.9847238,7.4328084,procera
-3.3277159,6.006488,procera
-2.2831695,9.1033125,procera
-0.6031352,9.747461,procera
-0.5292039,9.561338,procera
-5.2419615,4.932943,procera
-2.8736384,7.627195,procera
-2.1741686,7.9551535,procera
5.0628977,8.457039,procera
-4.611635,6.970848,procera
-3.4106061,4.867119,procera
-4.3286552,7.0472546,procera
-1.3183614,8.771776,procera
-3.508485,6.6861014,procera
-5.001476,6.667812,procera
-4.29529,7.160306,procera
-2.9080977,8.078887,procera
-4.3581834,5.1934404,procera
0.895857,8.73998,procera
-6.302905,6.305049,procera
-0.16295719,7.908493,procera
-0.91524035,9.013068,procera
-6.247455,5.3498564,procera
-2.2919197,6.3902655,procera
-2.0522828,7.633568,procera
-4.413126,6.857367,procera
-4.634779,7.746796,procera
-5.0188246,7.125738,procera
-0.66693175,7.960966,involutus
-2.7804778,8.948446,involutus
-5.1659646,6.504101,involutus
-4.796822,6.6888704,involutus
0.90295106,8.552801,involutus
-3.4145346,8.331107,involutus
-6.5163555,5.209135,involutus
-2.3834236,8.09395,involutus
-4.3217034,7.9294434,involutus
-5.0226064,6.7482333,involutus
-4.4570436,6.561304,involutus
-4.662676,5.4215393,involutus
-5.022623,5.9590473,involutus
-5.015792,7.6249437,involutus
-2.0718765,8.60702,involutus
-2.8913393,7.6176224,involutus
-0.8722373,8.284263,involutus
-4.672664,8.250508,involutus
-0.73965836,8.340984,involutus
-4.474542,8.272295,involutus
-4.532383,8.104613,involutus
-4.5147023,6.4623737,involutus
-5.9010253,6.0438457,involutus
-4.479305,6.4215217,involutus
-2.8010626,7.5120225,involutus
-1.6795564,8.441206,involutus
-2.2716515,9.195989,involutus
-1.5164261,9.017653,involutus
-4.6675315,5.0987763,involutus
0.08331492,11.005504,involutus
-2.668241,8.451302,involutus
-2.6361318,6.112837,involutus
-1.086055,8.62593,involutus
-1.1924,8.573107,involutus
-0.74624205,8.732685,involutus
-5.651942,6.8233104,involutus
-0.8779102,8.330552,involutus
-4.865725,7.6847277,involutus
-3.3591678,8.122014,involutus
-3.3602126,6.237677,involutus
-3.229576,4.889072,involutus
-1.8264571,8.823304,involutus
-1.3395561,9.360505,involutus
-2.3306673,6.905827,involutus
-2.878048,8.208945,involutus
-3.4670615,7.304031,involutus
-0.48683107,8.338765,involutus
-4.6032104,6.951909,involutus
-0.01579974,10.399028,involutus
-1.0481135,7.9598575,involutus
-1.1953847,8.638754,involutus
-5.005429,5.3945823,involutus
-0.63304716,8.724134,involutus
-5.497405,4.987999,involutus
0.80461776,8.835253,involutus
1.3331906,9.129046,involutus
-4.259418,7.7245393,involutus
-1.1817145,8.943242,involutus
0.72613835,9.150716,involutus
-0.8322567,8.209013,involutus
-4.1201377,7.635373,involutus
-2.9282353,9.070284,involutus
-4.42876,6.258662,involutus
-4.008262,5.008222,involutus
-0.56065816,8.945691,involutus
-3.956561,7.190667,involutus
-3.953352,6.2229342,involutus
-1.6096561,8.280361,involutus
-1.6785734,7.9845963,involutus
-3.8659785,6.5280366,involutus
-4.582848,8.562877,involutus
-1.1899127,9.33096,involutus
-4.296352,8.273382,involutus
-3.9461148,5.6207824,involutus
-3.0098774,6.979096,involutus
-4.6078887,4.976376,involutus
-4.167085,8.206702,involutus
-0.48072317,8.368326,involutus
-1.6552074,8.64039,involutus
-4.7881246,6.2862453,involutus
-4.106417,6.829256,involutus
-3.347814,9.15656,involutus
-4.643347,6.4644547,involutus
-3.633362,7.1914682,involutus
-6.243623,6.238389,involutus
-2.14522,7.744162,involutus
-5.286372,5.504104,involutus
1.5293305,9.24261,involutus
-2.0831864,8.333181,involutus
-2.8068848,7.509533,involutus
-3.823616,5.8070645,involutus
-3.7483058,7.0510273,involutus
5.5411706,9.049604,involutus
-2.7815154,5.6356206,involutus
-4.5901,7.281888,involutus
-3.8784773,6.830915,involutus
-3.80012,7.5020404,involutus
-6.075048,5.9686446,involutus
-1.6959432,9.304142,involutus
0.07887803,11.010575,involutus
0.8523109,8.729635,involutus
-3.6349525,7.7073803,involutus
-1.7507511,8.107166,involutus
-4.425723,7.4456573,involutus
-4.527682,5.4906487,involutus
-3.2873433,5.0500016,involutus
0.63759995,9.294264,involutus
-2.8699942,7.9838114,involutus
-1.6055518,8.5306835,involutus
-4.0041466,7.5765343,involutus
-3.3439415,8.134501,involutus
1.2151839,8.918192,involutus
-3.2685606,6.3797536,involutus
-0.9383794,8.77123,involutus
-2.6183126,9.200181,involutus
-1.1370254,8.352651,involutus
-0.15150075,10.2105255,involutus
-4.7933865,7.0323477,involutus
-1.550478,9.36728,involutus
-1.4152206,8.292287,involutus
-2.2659476,6.750149,involutus
-3.6146455,7.124029,involutus
-6.0679617,5.8367643,involutus
-4.795364,5.9411073,involutus
-2.8917253,5.0130224,involutus
-2.5141554,7.5768666,involutus
4.7176743,8.757248,involutus
-0.70157456,8.409938,involutus
-3.5403595,7.470193,involutus
-3.8014953,9.13023,involutus
-3.6633146,9.347253,involutus
-0.99637616,7.7967887,involutus
-2.9305727,7.3721695,involutus
-5.9224668,5.0299106,involutus
-2.6614695,7.547848,involutus
-4.455886,7.442794,involutus
-2.796433,6.6821923,involutus
-3.7141392,7.4623365,involutus
-3.7884195,7.5614715,involutus
-3.4663858,8.226266,involutus
-0.392052,8.033919,involutus
-3.427718,8.984628,involutus
-4.953043,5.2526035,involutus
-0.09170785,8.310212,involutus
-4.723181,7.7422733,involutus
-4.4120455,6.132113,involutus
-1.4733375,7.822258,involutus
5.1869216,8.89972,involutus
-3.5344672,8.055455,involutus
5.012294,8.745203,involutus
-2.95163,8.611019,involutus
-1.7931445,8.280818,involutus
-2.1827881,8.642144,involutus
-2.9372275,8.229314,involutus
-0.0848327,9.308439,involutus
-3.2706347,8.4397135,involutus
-0.61268884,7.8546886,involutus
-3.0601416,7.697221,involutus
-2.917269,6.699347,involutus
-0.98806417,8.98009,involutus
-3.3383234,8.57039,involutus
-1.5428067,9.218365,involutus
-4.7438855,7.1741667,involutus
-2.9956746,5.373581,involutus
-1.6559538,8.947445,involutus
1.2497714,8.964849,involutus
-5.6655593,5.0464673,involutus
-5.695723,6.9994535,involutus
0.22232084,8.277789,involutus
-5.098276,5.7572036,involutus
-1.8941832,8.527223,involutus
0.2746028,8.722103,involutus
-4.379885,7.070993,involutus
-3.111629,4.847103,involutus
-2.2850404,8.382963,involutus
-0.2622628,9.099169,involutus
-2.6885884,7.380144,involutus
-3.7889507,5.7755346,involutus
-2.5548677,9.040182,involutus
-4.3323455,6.492683,involutus
-3.4264073,6.4634833,involutus
-1.3113524,8.868785,involutus
-1.3690351,8.235353,involutus
-1.5547347,8.081494,involutus
-3.473555,6.2489786,involutus
-4.3949943,7.9544683,involutus
-5.322857,6.085935,involutus
-2.3356762,9.1832695,involutus
-4.6482596,7.197525,involutus
-2.811207,5.5284314,involutus
-5.7856755,6.944231,involutus
-2.9176881,5.394472,involutus
-4.3752146,8.866245,involutus
-4.0685186,7.9043684,involutus
-5.3844223,6.5516315,involutus
-3.8417158,8.652569,involutus
-6.127698,6.265592,involutus
-1.51581,8.285389,involutus
-5.192503,5.84537,involutus
-2.1401796,7.618343,involutus
-0.56964356,9.449605,involutus
-3.6015522,6.4201484,involutus
-1.8939068,8.446861,involutus
-6.2822,5.507215,involutus
0.35747877,9.331641,involutus
-5.142261,7.3508215,involutus
-3.7638621,8.548154,involutus
5.0371876,8.5678215,involutus
-3.5838575,6.330684,involutus
-1.0092615,9.141554,involutus
-4.9251666,5.0259237,involutus
-3.78478,7.864976,involutus
0.056007937,11.109372,involutus
-0.8574081,9.114682,involutus
-4.5492697,7.66633,involutus
-2.0264423,8.746808,involutus
-2.8870523,8.05017,involutus
-1.0114958,8.63897,involutus
-2.5422351,5.7098794,involutus
-3.8899372,7.763165,involutus
-3.715455,8.372159,involutus
-4.453673,6.110408,involutus
1.2331518,8.81061,involutus
-2.8433592,6.7122684,involutus
5.125459,8.959214,involutus
-0.21639681,8.660917,involutus
-2.3617778,7.2167377,involutus
-4.604589,5.0315714,involutus
-4.9581256,5.176325,involutus
-3.7001178,8.096962,involutus
-2.153153,7.2465615,involutus
-1.9398764,7.1281433,involutus
-3.6822944,6.3588367,involutus
-2.3141994,7.323212,involutus
-4.9438024,5.954934,involutus
-4.475123,5.8464074,involutus
-4.771203,6.6542416,involutus
-3.634448,7.7425165,involutus
-1.466879,9.287431,involutus
-1.9471085,7.710455,involutus
-4.1627164,8.303786,russula
-2.1938853,8.708585,russula
-5.0665298,5.6077876,russula
-3.4315186,8.135443,russula
-5.5574985,5.436102,russula
-3.9828453,9.337827,russula
-5.490752,6.9650373,russula
-4.1735725,8.952851,russula
-4.3542905,8.015401,russula
-3.7723365,8.617933,russula
-3.8980057,7.382745,russula
-1.2452631,8.800902,russula
-0.46535867,8.978197,russula
-1.5759093,8.861018,russula
-2.4894369,7.417145,russula
-3.6886544,7.9682016,russula
-4.8289514,6.952847,russula
-1.6902475,7.823165,russula
-2.8411748,9.44079,russula
-1.3895358,8.981352,russula
-3.989636,6.561394,russula
-0.48253682,9.31012,russula
-3.6085718,9.073172,russula
-4.5137496,7.99143,russula
-3.982089,8.803579,russula
-6.201753,6.282308,russula
-5.7111387,5.471392,russula
-4.4192243,8.458225,russula
-5.000535,5.5233874,russula
-3.068469,4.8218293,russula
-1.6979457,9.71026,russula
-2.452766,8.229307,russula
-0.9410577,8.704016,russula
-3.6798594,8.257924,russula
-3.6498444,9.213847,russula
-2.787008,8.230194,russula
-4.239663,7.705589,russula
-5.462028,6.7375245,russula
-6.3188415,5.5366664,russula
-3.4393125,8.19588,russula
-2.7427442,7.716429,russula
-2.706161,8.629532,russula
-3.230604,6.942498,russula
-5.086628,6.888208,russula
-2.7570796,8.269652,russula
-6.4497232,5.288916,russula
-2.4494042,8.595335,russula
-3.9362092,5.0103498,russula
-1.851156,8.12425,russula
-3.8295302,6.477726,russula
-6.187594,6.131359,russula
-1.8436483,7.335004,russula
-3.7067478,7.9847713,russula
-3.0141351,5.7025495,russula
-4.006135,6.495847,russula
-1.2252883,7.9542756,russula
-2.1803834,7.844751,russula
-1.162118,8.22038,russula
-4.01645,8.112878,russula
-0.43585068,9.401043,russula
-1.1076257,8.778557,russula
-3.395133,8.045746,russula
-5.7886243,7.2185025,russula
-3.1032166,8.219994,russula
-5.1519027,5.504389,russula
-2.312669,7.1276984,russula
-3.947285,6.2713842,russula
-2.692808,8.495285,russula
-3.4528136,5.376252,russula
-5.633861,6.1687455,russula
-3.2119548,8.38907,russula
-2.570465,7.263956,russula
-2.9095392,6.169744,russula
-3.5695312,5.7446632,russula
-3.6000726,8.070781,russula
-5.4120026,7.19708,russula
-3.5359223,7.5818934,russula
5.715516,8.864385,russula
-3.69646,5.9188523,russula
-3.6595886,8.752224,russula
-5.051308,5.5098333,russula
-2.5172215,7.272856,russula
-2.2889655,6.88103,russula
-3.1651766,6.949012,russula
-1.7815844,9.698602,russula
-2.7061284,7.786343,russula
-5.760354,6.0106764,russula
-2.3327968,7.6239486,russula
-4.479376,6.3637204,russula
-3.6310694,9.4108095,russula
-1.7578706,7.5380216,russula
-4.214812,7.804902,russula
-2.7941952,8.791463,russula
-5.0366154,6.3111024,russula
-6.071677,6.2647314,russula
-4.008988,6.6320224,russula
-3.4130797,6.492462,russula
-4.035367,5.2082067,russula
-5.8278008,5.412003,russula
-4.8900785,7.0428805,russula
-3.580472,7.7024546,russula
-5.8995214,5.1169324,russula
-2.6033394,7.96109,russula
-3.342432,7.6182027,russula
-5.209037,5.127979,russula
0.2149675,9.571603,russula
-4.6222787,5.6441927,russula
-0.7528655,9.379218,russula
-5.352221,5.113457,russula
-0.432132,9.135865,russula
-5.1832414,7.3318405,russula
-0.9083497,8.557415,russula
-4.1922064,5.62929,russula
-1.7270292,7.2046123,russula
-3.387167,6.9810095,russula
-2.719836,7.1983395,russula
-6.2507915,5.0923004,russula
-3.955502,7.89477,russula
-3.3304057,7.63034,russula
-6.5727215,5.156196,russula
-3.5610619,8.508441,russula
-3.8709931,9.254027,russula
-4.2618995,7.4887605,russula
-6.2928166,5.1756883,russula
-5.751909,5.744351,russula
-0.2947172,8.115074,russula
-1.1790957,8.189975,russula
-4.4209466,7.7753205,russula
-5.67143,7.0043764,russula
-4.095866,8.288519,russula
-5.775126,5.1928563,russula
-4.736611,5.6161637,russula
-3.4744303,6.047022,russula
-1.6768533,8.471364,russula
-2.4742002,8.366227,russula
-4.3770857,5.136424,russula
-1.9928383,7.3510537,russula
-6.278021,5.328465,russula
-2.6551027,7.4306674,russula
0.80930394,8.462793,russula
-5.628948,5.174498,russula
-2.6666844,8.251879,russula
-5.162957,5.4492583,russula
-5.5768275,5.6066923,russula
-3.768894,5.7642846,russula
-5.6537414,6.1071124,russula
0.08741945,10.97013,russula
-0.10221465,8.586014,russula
-4.2113595,7.8845506,russula
-3.7775643,6.1078243,russula
-4.051534,7.4848733,russula
-6.028481,6.423502,russula
-4.327924,7.9507046,russula
-3.928121,5.839148,russula
-3.6631436,8.8167095,russula
0.5788857,9.685314,russula
-4.509114,6.708687,russula
-4.031411,5.6503115,russula
-4.8476562,5.8237305,russula
-4.5431023,8.010053,russula
-4.7380004,7.087417,russula
-6.2404428,5.1155357,russula
-4.811517,5.6583123,russula
-0.9219336,8.828049,russula
-1.9489555,7.805851,russula
-5.897228,5.794722,russula
1.09161,9.425861,russula
-3.5141933,9.227364,russula
1.8602225,8.956321,russula
4.3520293,9.195654,russula
-4.6121364,5.9652305,russula
-6.3171234,5.0454135,russula
-4.589282,7.7954216,russula
-5.31375,6.967668,russula
-3.91436,8.979055,russula
-3.110732,9.12304,russula
-5.319807,7.1976132,russula
-5.257788,5.194582,russula
0.24109308,9.387554,russula
-0.69194394,8.315297,russula
0.09421051,11.027333,russula
-4.777924,7.826664,russula
4.805273,8.671928,russula
-3.7835906,7.572603,russula
-0.76247966,8.538881,russula
-3.0791292,8.537031,russula
-2.9596477,5.482798,russula
-4.070581,6.1775575,russula
1.0690657,8.8354845,russula
0.07193422,10.8129015,russula
-3.5867243,9.470137,russula
-3.6248655,9.282059,russula
-3.6614168,8.29819,russula
-1.3516433,7.63345,russula
-4.087075,6.686746,russula
-2.7501354,5.3333344,russula
-3.975543,8.018252,russula
-3.0126712,7.008284,russula
0.3690813,9.774448,russula
-5.0276933,5.503019,russula
-5.0459423,6.1006784,russula
-4.522571,8.113662,russula
-3.4961357,7.8507695,russula
-3.4320035,9.263552,russula
-6.4188204,5.508464,russula
-1.1272048,8.393706,russula
-2.5364678,8.4731865,russula
-2.0140512,7.9938846,russula
4.8306003,9.318774,russula
-4.97587,5.4546275,russula
-2.535355,8.415632,russula
-1.9528352,7.33197,russula
-3.6913939,7.1386585,russula
-5.384562,5.0030456,russula
-5.9897904,5.949385,russula
-6.2168837,5.8141646,russula
-1.4622028,7.6103706,russula
-1.8326708,7.7281156,russula
-4.4355426,7.8994913,russula
-6.342015,5.1141253,russula
0.4820834,9.761447,russula
-6.216287,5.497134,russula
-6.105113,6.0478106,russula
-3.8267906,8.086957,russula
-3.5088577,8.913878,russula
-6.125122,6.148922,russula
-5.270467,5.942236,russula
-4.9615197,6.0362616,russula
-4.117143,8.17448,russula
-1.571395,8.9543915,russula
-6.376161,5.65834,russula
-4.4651604,6.6199803,russula
-1.3807257,8.949427,russula
-4.355697,8.184784,russula
5.030948,8.670005,russula
-3.735321,6.672429,russula
-4.642349,6.389103,russula
-1.5439434,9.174023,russula
-1.2294601,8.669757,russula
-4.208326,8.114303,russula
