Image,Mushroom,cap_color,cap_shape,spore_print_color,gill_attachment,gill_color,stem_shape,cap_texture,stem_color,stem_texture
1,0,4,2,1,3,1,1,0,1,1
2,0,4,2,1,3,1,1,0,1,1
3,0,4,2,1,3,1,1,0,1,1
4,0,4,2,1,3,1,1,0,1,1
5,0,4,2,1,3,1,1,0,1,1
6,0,4,2,1,3,1,1,0,1,1
7,0,4,2,1,3,1,1,0,1,1
8,0,4,2,1,3,1,1,0,1,1
9,0,4,2,1,3,1,1,0,1,1
10,0,4,2,1,3,1,1,0,1,1
11,0,4,2,1,3,1,1,0,1,1
12,0,4,2,1,3,1,1,0,1,1
13,0,4,2,1,3,1,1,0,1,1
14,0,4,2,1,3,1,1,0,1,1
15,0,4,2,1,3,1,1,0,1,1
16,0,4,2,1,3,1,1,0,1,1
17,0,4,2,1,3,1,1,0,1,1
18,0,4,2,1,3,1,1,0,1,1
19,0,4,2,1,3,1,1,0,1,1
20,0,4,2,1,3,1,1,0,1,1
21,0,4,2,1,3,1,1,0,1,1
22,0,4,2,1,3,1,1,0,1,1
23,0,4,2,1,3,1,1,0,1,1
24,0,4,2,1,3,1,1,0,1,1
25,0,4,2,1,3,1,1,0,1,1
26,0,4,2,1,3,1,1,0,1,1
27,0,4,2,1,3,1,1,0,1,1
28,0,4,2,1,3,1,1,0,1,1
29,0,4,2,1,3,1,1,0,1,1
30,0,4,2,1,3,1,1,0,1,1
31,0,4,2,1,3,1,1,0,1,1
32,0,4,2,1,3,1,1,0,1,1
33,0,4,2,1,3,1,1,0,1,1
34,0,4,2,1,3,1,1,0,1,1
35,0,4,2,1,3,1,1,0,1,1
36,0,4,2,1,3,1,1,0,1,1
37,0,4,2,1,3,1,1,0,1,1
38,0,4,2,1,3,1,1,0,1,1
39,0,4,2,1,3,1,1,0,1,1
40,0,4,2,1,3,1,1,0,1,1
41,0,4,2,1,3,1,1,0,1,1
42,0,4,2,1,3,1,1,0,1,1
43,0,4,2,1,3,1,1,0,1,1
44,0,4,2,1,3,1,1,0,1,1
45,0,4,2,1,3,1,1,0,1,1
46,0,4,2,1,3,1,1,0,1,1
47,0,4,2,1,3,1,1,0,1,1
48,0,4,2,1,3,1,1,0,1,1
49,0,4,2,1,3,1,1,0,1,1
50,0,4,2,1,3,1,1,0,1,1
51,0,4,2,1,3,1,1,0,1,1
52,0,4,2,1,3,1,1,0,1,1
53,0,4,2,1,3,1,1,0,1,1
54,0,4,2,1,3,1,1,0,1,1
55,0,4,2,1,3,1,1,0,1,1
56,0,4,2,1,3,1,1,0,1,1
57,0,4,2,1,3,1,1,0,1,1
58,0,4,2,1,3,1,1,0,1,1
59,0,4,2,1,3,1,1,0,1,1
60,0,4,2,1,3,1,1,0,1,1
61,0,4,2,1,3,1,1,0,1,1
62,0,4,2,1,3,1,1,0,1,1
63,0,4,2,1,3,1,1,0,1,1
64,0,4,2,1,3,1,1,0,1,1
65,0,4,2,1,3,1,1,0,1,1
66,0,4,2,1,3,1,1,0,1,1
67,0,4,2,1,3,1,1,0,1,1
68,0,4,2,1,3,1,1,0,1,1
69,0,4,2,1,3,1,1,0,1,1
70,0,4,2,1,3,1,1,0,1,1
71,0,4,2,1,3,1,1,0,1,1
72,0,4,2,1,3,1,1,0,1,1
73,0,4,2,1,3,1,1,0,1,1
74,0,4,2,1,3,1,1,0,1,1
75,0,4,2,1,3,1,1,0,1,1
76,0,4,2,1,3,1,1,0,1,1
77,0,4,2,1,3,1,1,0,1,1
78,0,4,2,1,3,1,1,0,1,1
79,0,4,2,1,3,1,1,0,1,1
80,0,4,2,1,3,1,1,0,1,1
81,0,4,2,1,3,1,1,0,1,1
82,0,4,2,1,3,1,1,0,1,1
83,0,4,2,1,3,1,1,0,1,1
84,0,4,2,1,3,1,1,0,1,1
85,0,4,2,1,3,1,1,0,1,1
86,0,4,2,1,3,1,1,0,1,1
87,0,4,2,1,3,1,1,0,1,1
88,0,4,2,1,3,1,1,0,1,1
89,0,4,2,1,3,1,1,0,1,1
90,0,4,2,1,3,1,1,0,1,1
91,0,4,2,1,3,1,1,0,1,1
92,0,4,2,1,3,1,1,0,1,1
93,0,4,2,1,3,1,1,0,1,1
94,0,4,2,1,3,1,1,0,1,1
95,0,4,2,1,3,1,1,0,1,1
96,0,4,2,1,3,1,1,0,1,1
97,0,4,2,1,3,1,1,0,1,1
98,0,4,2,1,3,1,1,0,1,1
99,0,4,2,1,3,1,1,0,1,1
100,0,4,2,1,3,1,1,0,1,1
101,0,4,2,1,3,1,1,0,1,1
102,0,4,2,1,3,1,1,0,1,1
103,0,4,2,1,3,1,1,0,1,1
104,0,4,2,1,3,1,1,0,1,1
105,0,4,2,1,3,1,1,0,1,1
106,0,4,2,1,3,1,1,0,1,1
107,0,4,2,1,3,1,1,0,1,1
108,0,4,2,1,3,1,1,0,1,1
109,0,4,2,1,3,1,1,0,1,1
110,0,4,2,1,3,1,1,0,1,1
111,0,4,2,1,3,1,1,0,1,1
112,0,4,2,1,3,1,1,0,1,1
113,0,4,2,1,3,1,1,0,1,1
114,0,4,2,1,3,1,1,0,1,1
115,0,4,2,1,3,1,1,0,1,1
116,0,4,2,1,3,1,1,0,1,1
117,0,4,2,1,3,1,1,0,1,1
118,0,4,2,1,3,1,1,0,1,1
119,0,4,2,1,3,1,1,0,1,1
120,0,4,2,1,3,1,1,0,1,1
121,0,4,2,1,3,1,1,0,1,1
122,0,4,2,1,3,1,1,0,1,1
123,0,4,2,1,3,1,1,0,1,1
124,0,4,2,1,3,1,1,0,1,1
125,0,4,2,1,3,1,1,0,1,1
126,0,4,2,1,3,1,1,0,1,1
127,0,4,2,1,3,1,1,0,1,1
128,0,4,2,1,3,1,1,0,1,1
129,0,4,2,1,3,1,1,0,1,1
130,0,4,2,1,3,1,1,0,1,1
131,0,4,2,1,3,1,1,0,1,1
132,0,4,2,1,3,1,1,0,1,1
133,0,4,2,1,3,1,1,0,1,1
134,0,4,2,1,3,1,1,0,1,1
135,0,4,2,1,3,1,1,0,1,1
136,0,4,2,1,3,1,1,0,1,1
137,0,4,2,1,3,1,1,0,1,1
138,0,4,2,1,3,1,1,0,1,1
139,0,4,2,1,3,1,1,0,1,1
140,0,4,2,1,3,1,1,0,1,1
141,0,4,2,1,3,1,1,0,1,1
142,0,4,2,1,3,1,1,0,1,1
143,0,4,2,1,3,1,1,0,1,1
145,0,4,2,1,3,1,1,0,1,1
146,0,4,2,1,3,1,1,0,1,1
147,0,4,2,1,3,1,1,0,1,1
148,0,4,2,1,3,1,1,0,1,1
149,0,4,2,1,3,1,1,0,1,1
150,0,4,2,1,3,1,1,0,1,1
151,0,4,2,1,3,1,1,0,1,1
152,0,4,2,1,3,1,1,0,1,1
153,0,4,2,1,3,1,1,0,1,1
154,0,4,2,1,3,1,1,0,1,1
155,0,4,2,1,3,1,1,0,1,1
156,0,4,2,1,3,1,1,0,1,1
157,0,4,2,1,3,1,1,0,1,1
158,0,4,2,1,3,1,1,0,1,1
159,0,4,2,1,3,1,1,0,1,1
160,0,4,2,1,3,1,1,0,1,1
161,0,4,2,1,3,1,1,0,1,1
162,0,4,2,1,3,1,1,0,1,1
163,0,4,2,1,3,1,1,0,1,1
164,0,4,2,1,3,1,1,0,1,1
165,0,4,2,1,3,1,1,0,1,1
166,0,4,2,1,3,1,1,0,1,1
167,0,4,2,1,3,1,1,0,1,1
169,0,4,2,1,3,1,1,0,1,1
170,0,4,2,1,3,1,1,0,1,1
171,0,4,2,1,3,1,1,0,1,1
172,0,4,2,1,3,1,1,0,1,1
173,0,4,2,1,3,1,1,0,1,1
174,0,4,2,1,3,1,1,0,1,1
175,0,4,2,1,3,1,1,0,1,1
176,0,4,2,1,3,1,1,0,1,1
177,0,4,2,1,3,1,1,0,1,1
178,0,4,2,1,3,1,1,0,1,1
179,0,4,2,1,3,1,1,0,1,1
180,0,4,2,1,3,1,1,0,1,1
181,0,4,2,1,3,1,1,0,1,1
182,0,4,2,1,3,1,1,0,1,1
183,0,4,2,1,3,1,1,0,1,1
184,0,4,2,1,3,1,1,0,1,1
185,0,4,2,1,3,1,1,0,1,1
186,0,4,2,1,3,1,1,0,1,1
187,0,4,2,1,3,1,1,0,1,1
188,0,4,2,1,3,1,1,0,1,1
189,0,4,2,1,3,1,1,0,1,1
190,0,4,2,1,3,1,1,0,1,1
191,0,4,2,1,3,1,1,0,1,1
192,0,4,2,1,3,1,1,0,1,1
193,0,4,2,1,3,1,1,0,1,1
194,0,4,2,1,3,1,1,0,1,1
195,0,4,2,1,3,1,1,0,1,1
196,0,4,2,1,3,1,1,0,1,1
197,0,4,2,1,3,1,1,0,1,1
198,0,4,2,1,3,1,1,0,1,1
199,0,4,2,1,3,1,1,0,1,1
200,0,4,2,1,3,1,1,0,1,1
201,0,4,2,1,3,1,1,0,1,1
202,0,4,2,1,3,1,1,0,1,1
203,0,4,2,1,3,1,1,0,1,1
204,0,4,2,1,3,1,1,0,1,1
205,0,4,2,1,3,1,1,0,1,1
206,0,4,2,1,3,1,1,0,1,1
207,0,4,2,1,3,1,1,0,1,1
208,0,4,2,1,3,1,1,0,1,1
209,0,4,2,1,3,1,1,0,1,1
210,0,4,2,1,3,1,1,0,1,1
211,0,4,2,1,3,1,1,0,1,1
212,0,4,2,1,3,1,1,0,1,1
213,0,4,2,1,3,1,1,0,1,1
214,0,4,2,1,3,1,1,0,1,1
215,0,4,2,1,3,1,1,0,1,1
216,0,4,2,1,3,1,1,0,1,1
217,0,4,2,1,3,1,1,0,1,1
218,0,4,2,1,3,1,1,0,1,1
219,0,4,2,1,3,1,1,0,1,1
220,0,4,2,1,3,1,1,0,1,1
221,0,4,2,1,3,1,1,0,1,1
222,0,4,2,1,3,1,1,0,1,1
223,0,4,2,1,3,1,1,0,1,1
224,0,4,2,1,3,1,1,0,1,1
225,0,4,2,1,3,1,1,0,1,1
226,0,4,2,1,3,1,1,0,1,1
227,0,4,2,1,3,1,1,0,1,1
228,0,4,2,1,3,1,1,0,1,1
229,0,4,2,1,3,1,1,0,1,1
230,0,4,2,1,3,1,1,0,1,1
231,0,4,2,1,3,1,1,0,1,1
232,0,4,2,1,3,1,1,0,1,1
233,0,4,2,1,3,1,1,0,1,1
234,0,4,2,1,3,1,1,0,1,1
235,0,4,2,1,3,1,1,0,1,1
236,0,4,2,1,3,1,1,0,1,1
237,0,4,2,1,3,1,1,0,1,1
238,0,4,2,1,3,1,1,0,1,1
239,0,4,2,1,3,1,1,0,1,1
240,0,4,2,1,3,1,1,0,1,1
241,1,0,0,0,3,1,1,0,1,1
242,1,0,0,0,3,1,1,0,1,1
243,1,0,0,0,3,1,1,0,1,1
244,1,0,0,0,3,1,1,0,1,1
245,1,0,0,0,3,1,1,0,1,1
246,1,0,0,0,3,1,1,0,1,1
247,1,0,0,0,3,1,1,0,1,1
248,1,0,0,0,3,1,1,0,1,1
249,1,0,0,0,3,1,1,0,1,1
250,1,0,0,0,3,1,1,0,1,1
251,1,0,0,0,3,1,1,0,1,1
252,1,0,0,0,3,1,1,0,1,1
253,1,0,0,0,3,1,1,0,1,1
254,1,0,0,0,3,1,1,0,1,1
255,1,0,0,0,3,1,1,0,1,1
256,1,0,0,0,3,1,1,0,1,1
257,1,0,0,0,3,1,1,0,1,1
258,1,0,0,0,3,1,1,0,1,1
259,1,0,0,0,3,1,1,0,1,1
260,1,0,0,0,3,1,1,0,1,1
261,1,0,0,0,3,1,1,0,1,1
262,1,0,0,0,3,1,1,0,1,1
263,1,0,0,0,3,1,1,0,1,1
264,1,0,0,0,3,1,1,0,1,1
265,1,0,0,0,3,1,1,0,1,1
266,1,0,0,0,3,1,1,0,1,1
267,1,0,0,0,3,1,1,0,1,1
268,1,0,0,0,3,1,1,0,1,1
269,1,0,0,0,3,1,1,0,1,1
270,1,0,0,0,3,1,1,0,1,1
271,1,0,0,0,3,1,1,0,1,1
272,1,0,0,0,3,1,1,0,1,1
273,1,0,0,0,3,1,1,0,1,1
274,1,0,0,0,3,1,1,0,1,1
275,1,0,0,0,3,1,1,0,1,1
276,1,0,0,0,3,1,1,0,1,1
277,1,0,0,0,3,1,1,0,1,1
278,1,0,0,0,3,1,1,0,1,1
279,1,0,0,0,3,1,1,0,1,1
280,1,0,0,0,3,1,1,0,1,1
281,1,0,0,0,3,1,1,0,1,1
282,1,0,0,0,3,1,1,0,1,1
283,1,0,0,0,3,1,1,0,1,1
284,1,0,0,0,3,1,1,0,1,1
285,1,0,0,0,3,1,1,0,1,1
286,1,0,0,0,3,1,1,0,1,1
287,1,0,0,0,3,1,1,0,1,1
288,1,0,0,0,3,1,1,0,1,1
289,1,0,0,0,3,1,1,0,1,1
290,1,0,0,0,3,1,1,0,1,1
291,1,0,0,0,3,1,1,0,1,1
292,1,0,0,0,3,1,1,0,1,1
293,1,0,0,0,3,1,1,0,1,1
294,1,0,0,0,3,1,1,0,1,1
295,1,0,0,0,3,1,1,0,1,1
296,1,0,0,0,3,1,1,0,1,1
297,1,0,0,0,3,1,1,0,1,1
298,1,0,0,0,3,1,1,0,1,1
299,1,0,0,0,3,1,1,0,1,1
300,1,0,0,0,3,1,1,0,1,1
301,1,0,0,0,3,1,1,0,1,1
302,1,0,0,0,3,1,1,0,1,1
303,1,0,0,0,3,1,1,0,1,1
304,1,0,0,0,3,1,1,0,1,1
305,1,0,0,0,3,1,1,0,1,1
306,1,0,0,0,3,1,1,0,1,1
307,1,0,0,0,3,1,1,0,1,1
308,1,0,0,0,3,1,1,0,1,1
309,1,0,0,0,3,1,1,0,1,1
310,1,0,0,0,3,1,1,0,1,1
311,1,0,0,0,3,1,1,0,1,1
312,1,0,0,0,3,1,1,0,1,1
313,1,0,0,0,3,1,1,0,1,1
314,1,0,0,0,3,1,1,0,1,1
315,1,0,0,0,3,1,1,0,1,1
316,1,0,0,0,3,1,1,0,1,1
317,1,0,0,0,3,1,1,0,1,1
318,1,0,0,0,3,1,1,0,1,1
319,1,0,0,0,3,1,1,0,1,1
320,1,0,0,0,3,1,1,0,1,1
321,1,0,0,0,3,1,1,0,1,1
322,1,0,0,0,3,1,1,0,1,1
323,1,0,0,0,3,1,1,0,1,1
324,1,0,0,0,3,1,1,0,1,1
325,1,0,0,0,3,1,1,0,1,1
326,1,0,0,0,3,1,1,0,1,1
327,1,0,0,0,3,1,1,0,1,1
328,1,0,0,0,3,1,1,0,1,1
329,1,0,0,0,3,1,1,0,1,1
330,1,0,0,0,3,1,1,0,1,1
331,1,0,0,0,3,1,1,0,1,1
332,1,0,0,0,3,1,1,0,1,1
333,1,0,0,0,3,1,1,0,1,1
334,1,0,0,0,3,1,1,0,1,1
335,1,0,0,0,3,1,1,0,1,1
336,1,0,0,0,3,1,1,0,1,1
337,1,0,0,0,3,1,1,0,1,1
338,1,0,0,0,3,1,1,0,1,1
339,1,0,0,0,3,1,1,0,1,1
340,1,0,0,0,3,1,1,0,1,1
341,1,0,0,0,3,1,1,0,1,1
342,1,0,0,0,3,1,1,0,1,1
343,1,0,0,0,3,1,1,0,1,1
344,1,0,0,0,3,1,1,0,1,1
345,1,0,0,0,3,1,1,0,1,1
346,1,0,0,0,3,1,1,0,1,1
347,1,0,0,0,3,1,1,0,1,1
348,1,0,0,0,3,1,1,0,1,1
349,1,0,0,0,3,1,1,0,1,1
350,1,0,0,0,3,1,1,0,1,1
351,1,0,0,0,3,1,1,0,1,1
352,1,0,0,0,3,1,1,0,1,1
353,1,0,0,0,3,1,1,0,1,1
354,1,0,0,0,3,1,1,0,1,1
355,1,0,0,0,3,1,1,0,1,1
356,1,0,0,0,3,1,1,0,1,1
357,1,0,0,0,3,1,1,0,1,1
358,1,0,0,0,3,1,1,0,1,1
359,1,0,0,0,3,1,1,0,1,1
360,1,0,0,0,3,1,1,0,1,1
361,1,0,0,0,3,1,1,0,1,1
362,1,0,0,0,3,1,1,0,1,1
363,1,0,0,0,3,1,1,0,1,1
364,1,0,0,0,3,1,1,0,1,1
365,1,0,0,0,3,1,1,0,1,1
366,1,0,0,0,3,1,1,0,1,1
367,1,0,0,0,3,1,1,0,1,1
368,1,0,0,0,3,1,1,0,1,1
369,1,0,0,0,3,1,1,0,1,1
370,1,0,0,0,3,1,1,0,1,1
371,1,0,0,0,3,1,1,0,1,1
372,1,0,0,0,3,1,1,0,1,1
373,1,0,0,0,3,1,1,0,1,1
374,1,0,0,0,3,1,1,0,1,1
375,1,0,0,0,3,1,1,0,1,1
376,1,0,0,0,3,1,1,0,1,1
377,1,0,0,0,3,1,1,0,1,1
378,1,0,0,0,3,1,1,0,1,1
379,1,0,0,0,3,1,1,0,1,1
380,1,0,0,0,3,1,1,0,1,1
381,1,0,0,0,3,1,1,0,1,1
382,1,0,0,0,3,1,1,0,1,1
383,1,0,0,0,3,1,1,0,1,1
384,1,0,0,0,3,1,1,0,1,1
385,1,0,0,0,3,1,1,0,1,1
386,1,0,0,0,3,1,1,0,1,1
387,1,0,0,0,3,1,1,0,1,1
388,1,0,0,0,3,1,1,0,1,1
389,1,0,0,0,3,1,1,0,1,1
390,1,0,0,0,3,1,1,0,1,1
391,1,0,0,0,3,1,1,0,1,1
392,1,0,0,0,3,1,1,0,1,1
393,1,0,0,0,3,1,1,0,1,1
394,1,0,0,0,3,1,1,0,1,1
395,1,0,0,0,3,1,1,0,1,1
396,1,0,0,0,3,1,1,0,1,1
397,1,0,0,0,3,1,1,0,1,1
398,1,0,0,0,3,1,1,0,1,1
399,1,0,0,0,3,1,1,0,1,1
400,1,0,0,0,3,1,1,0,1,1
401,1,0,0,0,3,1,1,0,1,1
402,1,0,0,0,3,1,1,0,1,1
403,1,0,0,0,3,1,1,0,1,1
404,1,0,0,0,3,1,1,0,1,1
405,1,0,0,0,3,1,1,0,1,1
406,1,0,0,0,3,1,1,0,1,1
407,1,0,0,0,3,1,1,0,1,1
408,1,0,0,0,3,1,1,0,1,1
409,1,0,0,0,3,1,1,0,1,1
410,1,0,0,0,3,1,1,0,1,1
411,1,0,0,0,3,1,1,0,1,1
412,1,0,0,0,3,1,1,0,1,1
413,1,0,0,0,3,1,1,0,1,1
414,1,0,0,0,3,1,1,0,1,1
415,1,0,0,0,3,1,1,0,1,1
416,1,0,0,0,3,1,1,0,1,1
417,1,0,0,0,3,1,1,0,1,1
418,1,0,0,0,3,1,1,0,1,1
419,1,0,0,0,3,1,1,0,1,1
420,1,0,0,0,3,1,1,0,1,1
421,1,0,0,0,3,1,1,0,1,1
422,1,0,0,0,3,1,1,0,1,1
423,1,0,0,0,3,1,1,0,1,1
424,1,0,0,0,3,1,1,0,1,1
425,1,0,0,0,3,1,1,0,1,1
426,1,0,0,0,3,1,1,0,1,1
427,1,0,0,0,3,1,1,0,1,1
428,1,0,0,0,3,1,1,0,1,1
429,1,0,0,0,3,1,1,0,1,1
430,1,0,0,0,3,1,1,0,1,1
431,1,0,0,0,3,1,1,0,1,1
432,1,0,0,0,3,1,1,0,1,1
433,1,0,0,0,3,1,1,0,1,1
434,1,0,0,0,3,1,1,0,1,1
435,1,0,0,0,3,1,1,0,1,1
436,1,0,0,0,3,1,1,0,1,1
437,1,0,0,0,3,1,1,0,1,1
438,1,0,0,0,3,1,1,0,1,1
439,1,0,0,0,3,1,1,0,1,1
440,1,0,0,0,3,1,1,0,1,1
441,1,0,0,0,3,1,1,0,1,1
442,1,0,0,0,3,1,1,0,1,1
443,1,0,0,0,3,1,1,0,1,1
444,1,0,0,0,3,1,1,0,1,1
445,1,0,0,0,3,1,1,0,1,1
446,1,0,0,0,3,1,1,0,1,1
447,1,0,0,0,3,1,1,0,1,1
448,1,0,0,0,3,1,1,0,1,1
449,1,0,0,0,3,1,1,0,1,1
450,1,0,0,0,3,1,1,0,1,1
451,1,0,0,0,3,1,1,0,1,1
452,1,0,0,0,3,1,1,0,1,1
453,1,0,0,0,3,1,1,0,1,1
454,1,0,0,0,3,1,1,0,1,1
455,1,0,0,0,3,1,1,0,1,1
456,1,0,0,0,3,1,1,0,1,1
457,1,0,0,0,3,1,1,0,1,1
458,1,0,0,0,3,1,1,0,1,1
459,1,0,0,0,3,1,1,0,1,1
460,1,0,0,0,3,1,1,0,1,1
461,1,0,0,0,3,1,1,0,1,1
462,1,0,0,0,3,1,1,0,1,1
463,1,0,0,0,3,1,1,0,1,1
464,1,0,0,0,3,1,1,0,1,1
465,1,0,0,0,3,1,1,0,1,1
466,1,0,0,0,3,1,1,0,1,1
467,1,0,0,0,3,1,1,0,1,1
468,1,0,0,0,3,1,1,0,1,1
469,1,0,0,0,3,1,1,0,1,1
470,1,0,0,0,3,1,1,0,1,1
471,1,0,0,0,3,1,1,0,1,1
472,1,0,0,0,3,1,1,0,1,1
473,1,0,0,0,3,1,1,0,1,1
474,1,0,0,0,3,1,1,0,1,1
475,1,0,0,0,3,1,1,0,1,1
476,1,0,0,0,3,1,1,0,1,1
477,1,0,0,0,3,1,1,0,1,1
478,1,0,0,0,3,1,1,0,1,1
479,1,0,0,0,3,1,1,0,1,1
480,1,0,0,0,3,1,1,0,1,1
481,2,5,0,1,0,1,1,0,1,1
482,2,5,0,1,0,1,1,0,1,1
483,2,5,0,1,0,1,1,0,1,1
484,2,5,0,1,0,1,1,0,1,1
485,2,5,0,1,0,1,1,0,1,1
486,2,5,0,1,0,1,1,0,1,1
487,2,5,0,1,0,1,1,0,1,1
488,2,5,0,1,0,1,1,0,1,1
489,2,5,0,1,0,1,1,0,1,1
490,2,5,0,1,0,1,1,0,1,1
491,2,5,0,1,0,1,1,0,1,1
492,2,5,0,1,0,1,1,0,1,1
493,2,5,0,1,0,1,1,0,1,1
494,2,5,0,1,0,1,1,0,1,1
495,2,5,0,1,0,1,1,0,1,1
496,2,5,0,1,0,1,1,0,1,1
497,2,5,0,1,0,1,1,0,1,1
498,2,5,0,1,0,1,1,0,1,1
499,2,5,0,1,0,1,1,0,1,1
500,2,5,0,1,0,1,1,0,1,1
501,2,5,0,1,0,1,1,0,1,1
502,2,5,0,1,0,1,1,0,1,1
503,2,5,0,1,0,1,1,0,1,1
504,2,5,0,1,0,1,1,0,1,1
505,2,5,0,1,0,1,1,0,1,1
506,2,5,0,1,0,1,1,0,1,1
507,2,5,0,1,0,1,1,0,1,1
508,2,5,0,1,0,1,1,0,1,1
509,2,5,0,1,0,1,1,0,1,1
510,2,5,0,1,0,1,1,0,1,1
511,2,5,0,1,0,1,1,0,1,1
512,2,5,0,1,0,1,1,0,1,1
513,2,5,0,1,0,1,1,0,1,1
514,2,5,0,1,0,1,1,0,1,1
515,2,5,0,1,0,1,1,0,1,1
516,2,5,0,1,0,1,1,0,1,1
517,2,5,0,1,0,1,1,0,1,1
518,2,5,0,1,0,1,1,0,1,1
519,2,5,0,1,0,1,1,0,1,1
520,2,5,0,1,0,1,1,0,1,1
521,2,5,0,1,0,1,1,0,1,1
522,2,5,0,1,0,1,1,0,1,1
523,2,5,0,1,0,1,1,0,1,1
524,2,5,0,1,0,1,1,0,1,1
525,2,5,0,1,0,1,1,0,1,1
526,2,5,0,1,0,1,1,0,1,1
527,2,5,0,1,0,1,1,0,1,1
528,2,5,0,1,0,1,1,0,1,1
529,2,5,0,1,0,1,1,0,1,1
530,2,5,0,1,0,1,1,0,1,1
531,2,5,0,1,0,1,1,0,1,1
532,2,5,0,1,0,1,1,0,1,1
533,2,5,0,1,0,1,1,0,1,1
534,2,5,0,1,0,1,1,0,1,1
535,2,5,0,1,0,1,1,0,1,1
536,2,5,0,1,0,1,1,0,1,1
537,2,5,0,1,0,1,1,0,1,1
538,2,5,0,1,0,1,1,0,1,1
539,2,5,0,1,0,1,1,0,1,1
540,2,5,0,1,0,1,1,0,1,1
541,2,5,0,1,0,1,1,0,1,1
542,2,5,0,1,0,1,1,0,1,1
543,2,5,0,1,0,1,1,0,1,1
544,2,5,0,1,0,1,1,0,1,1
545,2,5,0,1,0,1,1,0,1,1
546,2,5,0,1,0,1,1,0,1,1
547,2,5,0,1,0,1,1,0,1,1
548,2,5,0,1,0,1,1,0,1,1
549,2,5,0,1,0,1,1,0,1,1
550,2,5,0,1,0,1,1,0,1,1
551,2,5,0,1,0,1,1,0,1,1
552,2,5,0,1,0,1,1,0,1,1
553,2,5,0,1,0,1,1,0,1,1
554,2,5,0,1,0,1,1,0,1,1
555,2,5,0,1,0,1,1,0,1,1
556,2,5,0,1,0,1,1,0,1,1
557,2,5,0,1,0,1,1,0,1,1
558,2,5,0,1,0,1,1,0,1,1
559,2,5,0,1,0,1,1,0,1,1
560,2,5,0,1,0,1,1,0,1,1
561,2,5,0,1,0,1,1,0,1,1
562,2,5,0,1,0,1,1,0,1,1
563,2,5,0,1,0,1,1,0,1,1
564,2,5,0,1,0,1,1,0,1,1
565,2,5,0,1,0,1,1,0,1,1
566,2,5,0,1,0,1,1,0,1,1
567,2,5,0,1,0,1,1,0,1,1
568,2,5,0,1,0,1,1,0,1,1
569,2,5,0,1,0,1,1,0,1,1
570,2,5,0,1,0,1,1,0,1,1
571,2,5,0,1,0,1,1,0,1,1
572,2,5,0,1,0,1,1,0,1,1
573,2,5,0,1,0,1,1,0,1,1
574,2,5,0,1,0,1,1,0,1,1
575,2,5,0,1,0,1,1,0,1,1
576,2,5,0,1,0,1,1,0,1,1
577,2,5,0,1,0,1,1,0,1,1
578,2,5,0,1,0,1,1,0,1,1
579,2,5,0,1,0,1,1,0,1,1
580,2,5,0,1,0,1,1,0,1,1
581,2,5,0,1,0,1,1,0,1,1
582,2,5,0,1,0,1,1,0,1,1
583,2,5,0,1,0,1,1,0,1,1
584,2,5,0,1,0,1,1,0,1,1
585,2,5,0,1,0,1,1,0,1,1
586,2,5,0,1,0,1,1,0,1,1
587,2,5,0,1,0,1,1,0,1,1
588,2,5,0,1,0,1,1,0,1,1
589,2,5,0,1,0,1,1,0,1,1
590,2,5,0,1,0,1,1,0,1,1
591,2,5,0,1,0,1,1,0,1,1
592,2,5,0,1,0,1,1,0,1,1
593,2,5,0,1,0,1,1,0,1,1
594,2,5,0,1,0,1,1,0,1,1
595,2,5,0,1,0,1,1,0,1,1
596,2,5,0,1,0,1,1,0,1,1
597,2,5,0,1,0,1,1,0,1,1
598,2,5,0,1,0,1,1,0,1,1
599,2,5,0,1,0,1,1,0,1,1
600,2,5,0,1,0,1,1,0,1,1
601,2,5,0,1,0,1,1,0,1,1
602,2,5,0,1,0,1,1,0,1,1
603,2,5,0,1,0,1,1,0,1,1
604,2,5,0,1,0,1,1,0,1,1
605,2,5,0,1,0,1,1,0,1,1
606,2,5,0,1,0,1,1,0,1,1
607,2,5,0,1,0,1,1,0,1,1
608,2,5,0,1,0,1,1,0,1,1
609,2,5,0,1,0,1,1,0,1,1
610,2,5,0,1,0,1,1,0,1,1
611,2,5,0,1,0,1,1,0,1,1
612,2,5,0,1,0,1,1,0,1,1
613,2,5,0,1,0,1,1,0,1,1
614,2,5,0,1,0,1,1,0,1,1
615,2,5,0,1,0,1,1,0,1,1
616,2,5,0,1,0,1,1,0,1,1
617,2,5,0,1,0,1,1,0,1,1
618,2,5,0,1,0,1,1,0,1,1
619,2,5,0,1,0,1,1,0,1,1
620,2,5,0,1,0,1,1,0,1,1
621,2,5,0,1,0,1,1,0,1,1
622,2,5,0,1,0,1,1,0,1,1
623,2,5,0,1,0,1,1,0,1,1
624,2,5,0,1,0,1,1,0,1,1
625,2,5,0,1,0,1,1,0,1,1
626,2,5,0,1,0,1,1,0,1,1
627,2,5,0,1,0,1,1,0,1,1
628,2,5,0,1,0,1,1,0,1,1
629,2,5,0,1,0,1,1,0,1,1
630,2,5,0,1,0,1,1,0,1,1
631,2,5,0,1,0,1,1,0,1,1
632,2,5,0,1,0,1,1,0,1,1
633,2,5,0,1,0,1,1,0,1,1
634,2,5,0,1,0,1,1,0,1,1
635,2,5,0,1,0,1,1,0,1,1
636,2,5,0,1,0,1,1,0,1,1
637,2,5,0,1,0,1,1,0,1,1
638,2,5,0,1,0,1,1,0,1,1
639,2,5,0,1,0,1,1,0,1,1
640,2,5,0,1,0,1,1,0,1,1
641,2,5,0,1,0,1,1,0,1,1
642,2,5,0,1,0,1,1,0,1,1
643,2,5,0,1,0,1,1,0,1,1
644,2,5,0,1,0,1,1,0,1,1
645,2,5,0,1,0,1,1,0,1,1
646,2,5,0,1,0,1,1,0,1,1
647,2,5,0,1,0,1,1,0,1,1
648,2,5,0,1,0,1,1,0,1,1
649,2,5,0,1,0,1,1,0,1,1
650,2,5,0,1,0,1,1,0,1,1
651,2,5,0,1,0,1,1,0,1,1
652,2,5,0,1,0,1,1,0,1,1
653,2,5,0,1,0,1,1,0,1,1
654,2,5,0,1,0,1,1,0,1,1
655,2,5,0,1,0,1,1,0,1,1
656,2,5,0,1,0,1,1,0,1,1
657,2,5,0,1,0,1,1,0,1,1
658,2,5,0,1,0,1,1,0,1,1
659,2,5,0,1,0,1,1,0,1,1
660,2,5,0,1,0,1,1,0,1,1
661,2,5,0,1,0,1,1,0,1,1
662,2,5,0,1,0,1,1,0,1,1
663,2,5,0,1,0,1,1,0,1,1
664,2,5,0,1,0,1,1,0,1,1
665,2,5,0,1,0,1,1,0,1,1
666,2,5,0,1,0,1,1,0,1,1
667,2,5,0,1,0,1,1,0,1,1
668,2,5,0,1,0,1,1,0,1,1
669,2,5,0,1,0,1,1,0,1,1
670,2,5,0,1,0,1,1,0,1,1
671,2,5,0,1,0,1,1,0,1,1
672,2,5,0,1,0,1,1,0,1,1
673,2,5,0,1,0,1,1,0,1,1
674,2,5,0,1,0,1,1,0,1,1
675,2,5,0,1,0,1,1,0,1,1
676,2,5,0,1,0,1,1,0,1,1
677,2,5,0,1,0,1,1,0,1,1
678,2,5,0,1,0,1,1,0,1,1
679,2,5,0,1,0,1,1,0,1,1
680,2,5,0,1,0,1,1,0,1,1
681,2,5,0,1,0,1,1,0,1,1
682,2,5,0,1,0,1,1,0,1,1
683,2,5,0,1,0,1,1,0,1,1
684,2,5,0,1,0,1,1,0,1,1
685,2,5,0,1,0,1,1,0,1,1
686,2,5,0,1,0,1,1,0,1,1
687,2,5,0,1,0,1,1,0,1,1
688,2,5,0,1,0,1,1,0,1,1
689,2,5,0,1,0,1,1,0,1,1
690,2,5,0,1,0,1,1,0,1,1
691,2,5,0,1,0,1,1,0,1,1
692,2,5,0,1,0,1,1,0,1,1
693,2,5,0,1,0,1,1,0,1,1
694,2,5,0,1,0,1,1,0,1,1
695,2,5,0,1,0,1,1,0,1,1
696,2,5,0,1,0,1,1,0,1,1
697,2,5,0,1,0,1,1,0,1,1
698,2,5,0,1,0,1,1,0,1,1
699,2,5,0,1,0,1,1,0,1,1
700,2,5,0,1,0,1,1,0,1,1
701,2,5,0,1,0,1,1,0,1,1
702,2,5,0,1,0,1,1,0,1,1
703,2,5,0,1,0,1,1,0,1,1
704,2,5,0,1,0,1,1,0,1,1
705,2,5,0,1,0,1,1,0,1,1
706,2,5,0,1,0,1,1,0,1,1
707,2,5,0,1,0,1,1,0,1,1
708,2,5,0,1,0,1,1,0,1,1
709,2,5,0,1,0,1,1,0,1,1
710,2,5,0,1,0,1,1,0,1,1
711,2,5,0,1,0,1,1,0,1,1
712,2,5,0,1,0,1,1,0,1,1
713,2,5,0,1,0,1,1,0,1,1
714,2,5,0,1,0,1,1,0,1,1
715,2,5,0,1,0,1,1,0,1,1
716,2,5,0,1,0,1,1,0,1,1
717,2,5,0,1,0,1,1,0,1,1
718,2,5,0,1,0,1,1,0,1,1
719,2,5,0,1,0,1,1,0,1,1
720,2,5,0,1,0,1,1,0,1,1
721,3,0,2,1,3,0,0,0,1,1
722,3,0,2,1,3,0,0,0,1,1
723,3,0,2,1,3,0,0,0,1,1
724,3,0,2,1,3,0,0,0,1,1
726,3,0,2,1,3,0,0,0,1,1
727,3,0,2,1,3,0,0,0,1,1
728,3,0,2,1,3,0,0,0,1,1
729,3,0,2,1,3,0,0,0,1,1
730,3,0,2,1,3,0,0,0,1,1
731,3,0,2,1,3,0,0,0,1,1
732,3,0,2,1,3,0,0,0,1,1
733,3,0,2,1,3,0,0,0,1,1
734,3,0,2,1,3,0,0,0,1,1
735,3,0,2,1,3,0,0,0,1,1
736,3,0,2,1,3,0,0,0,1,1
737,3,0,2,1,3,0,0,0,1,1
738,3,0,2,1,3,0,0,0,1,1
739,3,0,2,1,3,0,0,0,1,1
740,3,0,2,1,3,0,0,0,1,1
741,3,0,2,1,3,0,0,0,1,1
742,3,0,2,1,3,0,0,0,1,1
743,3,0,2,1,3,0,0,0,1,1
744,3,0,2,1,3,0,0,0,1,1
745,3,0,2,1,3,0,0,0,1,1
746,3,0,2,1,3,0,0,0,1,1
747,3,0,2,1,3,0,0,0,1,1
748,3,0,2,1,3,0,0,0,1,1
749,3,0,2,1,3,0,0,0,1,1
750,3,0,2,1,3,0,0,0,1,1
751,3,0,2,1,3,0,0,0,1,1
752,3,0,2,1,3,0,0,0,1,1
753,3,0,2,1,3,0,0,0,1,1
754,3,0,2,1,3,0,0,0,1,1
755,3,0,2,1,3,0,0,0,1,1
756,3,0,2,1,3,0,0,0,1,1
757,3,0,2,1,3,0,0,0,1,1
758,3,0,2,1,3,0,0,0,1,1
759,3,0,2,1,3,0,0,0,1,1
760,3,0,2,1,3,0,0,0,1,1
761,3,0,2,1,3,0,0,0,1,1
762,3,0,2,1,3,0,0,0,1,1
763,3,0,2,1,3,0,0,0,1,1
764,3,0,2,1,3,0,0,0,1,1
765,3,0,2,1,3,0,0,0,1,1
766,3,0,2,1,3,0,0,0,1,1
767,3,0,2,1,3,0,0,0,1,1
768,3,0,2,1,3,0,0,0,1,1
769,3,0,2,1,3,0,0,0,1,1
770,3,0,2,1,3,0,0,0,1,1
771,3,0,2,1,3,0,0,0,1,1
772,3,0,2,1,3,0,0,0,1,1
773,3,0,2,1,3,0,0,0,1,1
774,3,0,2,1,3,0,0,0,1,1
775,3,0,2,1,3,0,0,0,1,1
776,3,0,2,1,3,0,0,0,1,1
777,3,0,2,1,3,0,0,0,1,1
778,3,0,2,1,3,0,0,0,1,1
779,3,0,2,1,3,0,0,0,1,1
780,3,0,2,1,3,0,0,0,1,1
781,3,0,2,1,3,0,0,0,1,1
782,3,0,2,1,3,0,0,0,1,1
783,3,0,2,1,3,0,0,0,1,1
784,3,0,2,1,3,0,0,0,1,1
785,3,0,2,1,3,0,0,0,1,1
786,3,0,2,1,3,0,0,0,1,1
787,3,0,2,1,3,0,0,0,1,1
788,3,0,2,1,3,0,0,0,1,1
789,3,0,2,1,3,0,0,0,1,1
790,3,0,2,1,3,0,0,0,1,1
791,3,0,2,1,3,0,0,0,1,1
792,3,0,2,1,3,0,0,0,1,1
793,3,0,2,1,3,0,0,0,1,1
794,3,0,2,1,3,0,0,0,1,1
795,3,0,2,1,3,0,0,0,1,1
796,3,0,2,1,3,0,0,0,1,1
797,3,0,2,1,3,0,0,0,1,1
798,3,0,2,1,3,0,0,0,1,1
799,3,0,2,1,3,0,0,0,1,1
800,3,0,2,1,3,0,0,0,1,1
801,3,0,2,1,3,0,0,0,1,1
802,3,0,2,1,3,0,0,0,1,1
803,3,0,2,1,3,0,0,0,1,1
804,3,0,2,1,3,0,0,0,1,1
805,3,0,2,1,3,0,0,0,1,1
806,3,0,2,1,3,0,0,0,1,1
807,3,0,2,1,3,0,0,0,1,1
808,3,0,2,1,3,0,0,0,1,1
809,3,0,2,1,3,0,0,0,1,1
810,3,0,2,1,3,0,0,0,1,1
811,3,0,2,1,3,0,0,0,1,1
812,3,0,2,1,3,0,0,0,1,1
813,3,0,2,1,3,0,0,0,1,1
814,3,0,2,1,3,0,0,0,1,1
815,3,0,2,1,3,0,0,0,1,1
816,3,0,2,1,3,0,0,0,1,1
817,3,0,2,1,3,0,0,0,1,1
818,3,0,2,1,3,0,0,0,1,1
819,3,0,2,1,3,0,0,0,1,1
820,3,0,2,1,3,0,0,0,1,1
821,3,0,2,1,3,0,0,0,1,1
822,3,0,2,1,3,0,0,0,1,1
823,3,0,2,1,3,0,0,0,1,1
824,3,0,2,1,3,0,0,0,1,1
825,3,0,2,1,3,0,0,0,1,1
826,3,0,2,1,3,0,0,0,1,1
827,3,0,2,1,3,0,0,0,1,1
828,3,0,2,1,3,0,0,0,1,1
829,3,0,2,1,3,0,0,0,1,1
830,3,0,2,1,3,0,0,0,1,1
831,3,0,2,1,3,0,0,0,1,1
832,3,0,2,1,3,0,0,0,1,1
833,3,0,2,1,3,0,0,0,1,1
834,3,0,2,1,3,0,0,0,1,1
835,3,0,2,1,3,0,0,0,1,1
836,3,0,2,1,3,0,0,0,1,1
837,3,0,2,1,3,0,0,0,1,1
838,3,0,2,1,3,0,0,0,1,1
839,3,0,2,1,3,0,0,0,1,1
840,3,0,2,1,3,0,0,0,1,1
841,3,0,2,1,3,0,0,0,1,1
842,3,0,2,1,3,0,0,0,1,1
843,3,0,2,1,3,0,0,0,1,1
844,3,0,2,1,3,0,0,0,1,1
845,3,0,2,1,3,0,0,0,1,1
846,3,0,2,1,3,0,0,0,1,1
847,3,0,2,1,3,0,0,0,1,1
848,3,0,2,1,3,0,0,0,1,1
849,3,0,2,1,3,0,0,0,1,1
850,3,0,2,1,3,0,0,0,1,1
851,3,0,2,1,3,0,0,0,1,1
852,3,0,2,1,3,0,0,0,1,1
853,3,0,2,1,3,0,0,0,1,1
854,3,0,2,1,3,0,0,0,1,1
855,3,0,2,1,3,0,0,0,1,1
856,3,0,2,1,3,0,0,0,1,1
857,3,0,2,1,3,0,0,0,1,1
858,3,0,2,1,3,0,0,0,1,1
859,3,0,2,1,3,0,0,0,1,1
860,3,0,2,1,3,0,0,0,1,1
861,3,0,2,1,3,0,0,0,1,1
862,3,0,2,1,3,0,0,0,1,1
863,3,0,2,1,3,0,0,0,1,1
864,3,0,2,1,3,0,0,0,1,1
865,3,0,2,1,3,0,0,0,1,1
866,3,0,2,1,3,0,0,0,1,1
867,3,0,2,1,3,0,0,0,1,1
868,3,0,2,1,3,0,0,0,1,1
869,3,0,2,1,3,0,0,0,1,1
870,3,0,2,1,3,0,0,0,1,1
871,3,0,2,1,3,0,0,0,1,1
872,3,0,2,1,3,0,0,0,1,1
873,3,0,2,1,3,0,0,0,1,1
874,3,0,2,1,3,0,0,0,1,1
875,3,0,2,1,3,0,0,0,1,1
876,3,0,2,1,3,0,0,0,1,1
877,3,0,2,1,3,0,0,0,1,1
878,3,0,2,1,3,0,0,0,1,1
879,3,0,2,1,3,0,0,0,1,1
880,3,0,2,1,3,0,0,0,1,1
881,3,0,2,1,3,0,0,0,1,1
882,3,0,2,1,3,0,0,0,1,1
883,3,0,2,1,3,0,0,0,1,1
884,3,0,2,1,3,0,0,0,1,1
885,3,0,2,1,3,0,0,0,1,1
886,3,0,2,1,3,0,0,0,1,1
887,3,0,2,1,3,0,0,0,1,1
888,3,0,2,1,3,0,0,0,1,1
889,3,0,2,1,3,0,0,0,1,1
890,3,0,2,1,3,0,0,0,1,1
891,3,0,2,1,3,0,0,0,1,1
892,3,0,2,1,3,0,0,0,1,1
893,3,0,2,1,3,0,0,0,1,1
894,3,0,2,1,3,0,0,0,1,1
895,3,0,2,1,3,0,0,0,1,1
896,3,0,2,1,3,0,0,0,1,1
897,3,0,2,1,3,0,0,0,1,1
898,3,0,2,1,3,0,0,0,1,1
899,3,0,2,1,3,0,0,0,1,1
900,3,0,2,1,3,0,0,0,1,1
901,3,0,2,1,3,0,0,0,1,1
902,3,0,2,1,3,0,0,0,1,1
903,3,0,2,1,3,0,0,0,1,1
904,3,0,2,1,3,0,0,0,1,1
905,3,0,2,1,3,0,0,0,1,1
906,3,0,2,1,3,0,0,0,1,1
907,3,0,2,1,3,0,0,0,1,1
908,3,0,2,1,3,0,0,0,1,1
909,3,0,2,1,3,0,0,0,1,1
910,3,0,2,1,3,0,0,0,1,1
911,3,0,2,1,3,0,0,0,1,1
912,3,0,2,1,3,0,0,0,1,1
913,3,0,2,1,3,0,0,0,1,1
914,3,0,2,1,3,0,0,0,1,1
915,3,0,2,1,3,0,0,0,1,1
916,3,0,2,1,3,0,0,0,1,1
917,3,0,2,1,3,0,0,0,1,1
918,3,0,2,1,3,0,0,0,1,1
919,3,0,2,1,3,0,0,0,1,1
920,3,0,2,1,3,0,0,0,1,1
921,3,0,2,1,3,0,0,0,1,1
922,3,0,2,1,3,0,0,0,1,1
923,3,0,2,1,3,0,0,0,1,1
924,3,0,2,1,3,0,0,0,1,1
925,3,0,2,1,3,0,0,0,1,1
926,3,0,2,1,3,0,0,0,1,1
927,3,0,2,1,3,0,0,0,1,1
928,3,0,2,1,3,0,0,0,1,1
929,3,0,2,1,3,0,0,0,1,1
930,3,0,2,1,3,0,0,0,1,1
931,3,0,2,1,3,0,0,0,1,1
932,3,0,2,1,3,0,0,0,1,1
933,3,0,2,1,3,0,0,0,1,1
934,3,0,2,1,3,0,0,0,1,1
935,3,0,2,1,3,0,0,0,1,1
936,3,0,2,1,3,0,0,0,1,1
937,3,0,2,1,3,0,0,0,1,1
938,3,0,2,1,3,0,0,0,1,1
939,3,0,2,1,3,0,0,0,1,1
940,3,0,2,1,3,0,0,0,1,1
941,3,0,2,1,3,0,0,0,1,1
942,3,0,2,1,3,0,0,0,1,1
943,3,0,2,1,3,0,0,0,1,1
945,4,2,2,2,2,1,1,2,1,1
946,4,2,2,2,2,1,1,2,1,1
947,4,2,2,2,2,1,1,2,1,1
948,4,2,2,2,2,1,1,2,1,1
949,4,2,2,2,2,1,1,2,1,1
950,4,2,2,2,2,1,1,2,1,1
951,4,2,2,2,2,1,1,2,1,1
952,4,2,2,2,2,1,1,2,1,1
953,4,2,2,2,2,1,1,2,1,1
954,4,2,2,2,2,1,1,2,1,1
955,4,2,2,2,2,1,1,2,1,1
956,4,2,2,2,2,1,1,2,1,1
957,4,2,2,2,2,1,1,2,1,1
958,4,2,2,2,2,1,1,2,1,1
959,4,2,2,2,2,1,1,2,1,1
960,4,2,2,2,2,1,1,2,1,1
961,4,2,2,2,2,1,1,2,1,1
962,4,2,2,2,2,1,1,2,1,1
963,4,2,2,2,2,1,1,2,1,1
964,4,2,2,2,2,1,1,2,1,1
965,4,2,2,2,2,1,1,2,1,1
966,4,2,2,2,2,1,1,2,1,1
967,4,2,2,2,2,1,1,2,1,1
968,4,2,2,2,2,1,1,2,1,1
969,4,2,2,2,2,1,1,2,1,1
970,4,2,2,2,2,1,1,2,1,1
971,4,2,2,2,2,1,1,2,1,1
972,4,2,2,2,2,1,1,2,1,1
973,4,2,2,2,2,1,1,2,1,1
974,4,2,2,2,2,1,1,2,1,1
975,4,2,2,2,2,1,1,2,1,1
976,4,2,2,2,2,1,1,2,1,1
977,4,2,2,2,2,1,1,2,1,1
978,4,2,2,2,2,1,1,2,1,1
979,4,2,2,2,2,1,1,2,1,1
980,4,2,2,2,2,1,1,2,1,1
981,4,2,2,2,2,1,1,2,1,1
982,4,2,2,2,2,1,1,2,1,1
983,4,2,2,2,2,1,1,2,1,1
984,4,2,2,2,2,1,1,2,1,1
985,4,2,2,2,2,1,1,2,1,1
986,4,2,2,2,2,1,1,2,1,1
987,4,2,2,2,2,1,1,2,1,1
988,4,2,2,2,2,1,1,2,1,1
989,4,2,2,2,2,1,1,2,1,1
990,4,2,2,2,2,1,1,2,1,1
991,4,2,2,2,2,1,1,2,1,1
992,4,2,2,2,2,1,1,2,1,1
993,4,2,2,2,2,1,1,2,1,1
994,4,2,2,2,2,1,1,2,1,1
995,4,2,2,2,2,1,1,2,1,1
996,4,2,2,2,2,1,1,2,1,1
997,4,2,2,2,2,1,1,2,1,1
998,4,2,2,2,2,1,1,2,1,1
999,4,2,2,2,2,1,1,2,1,1
1000,4,2,2,2,2,1,1,2,1,1
1001,4,2,2,2,2,1,1,2,1,1
1002,4,2,2,2,2,1,1,2,1,1
1003,4,2,2,2,2,1,1,2,1,1
1004,4,2,2,2,2,1,1,2,1,1
1005,4,2,2,2,2,1,1,2,1,1
1006,4,2,2,2,2,1,1,2,1,1
1007,4,2,2,2,2,1,1,2,1,1
1008,4,2,2,2,2,1,1,2,1,1
1009,4,2,2,2,2,1,1,2,1,1
1010,4,2,2,2,2,1,1,2,1,1
1011,4,2,2,2,2,1,1,2,1,1
1012,4,2,2,2,2,1,1,2,1,1
1013,4,2,2,2,2,1,1,2,1,1
1014,4,2,2,2,2,1,1,2,1,1
1015,4,2,2,2,2,1,1,2,1,1
1016,4,2,2,2,2,1,1,2,1,1
1017,4,2,2,2,2,1,1,2,1,1
1018,4,2,2,2,2,1,1,2,1,1
1019,4,2,2,2,2,1,1,2,1,1
1020,4,2,2,2,2,1,1,2,1,1
1021,4,2,2,2,2,1,1,2,1,1
1022,4,2,2,2,2,1,1,2,1,1
1023,4,2,2,2,2,1,1,2,1,1
1024,4,2,2,2,2,1,1,2,1,1
1025,4,2,2,2,2,1,1,2,1,1
1026,4,2,2,2,2,1,1,2,1,1
1027,4,2,2,2,2,1,1,2,1,1
1028,4,2,2,2,2,1,1,2,1,1
1029,4,2,2,2,2,1,1,2,1,1
1030,4,2,2,2,2,1,1,2,1,1
1031,4,2,2,2,2,1,1,2,1,1
1032,4,2,2,2,2,1,1,2,1,1
1033,4,2,2,2,2,1,1,2,1,1
1034,4,2,2,2,2,1,1,2,1,1
1035,4,2,2,2,2,1,1,2,1,1
1036,4,2,2,2,2,1,1,2,1,1
1037,4,2,2,2,2,1,1,2,1,1
1038,4,2,2,2,2,1,1,2,1,1
1039,4,2,2,2,2,1,1,2,1,1
1040,4,2,2,2,2,1,1,2,1,1
1041,4,2,2,2,2,1,1,2,1,1
1042,4,2,2,2,2,1,1,2,1,1
1043,4,2,2,2,2,1,1,2,1,1
1044,4,2,2,2,2,1,1,2,1,1
1045,4,2,2,2,2,1,1,2,1,1
1046,4,2,2,2,2,1,1,2,1,1
1047,4,2,2,2,2,1,1,2,1,1
1048,4,2,2,2,2,1,1,2,1,1
1049,4,2,2,2,2,1,1,2,1,1
1050,4,2,2,2,2,1,1,2,1,1
1051,4,2,2,2,2,1,1,2,1,1
1052,4,2,2,2,2,1,1,2,1,1
1053,4,2,2,2,2,1,1,2,1,1
1054,4,2,2,2,2,1,1,2,1,1
1055,4,2,2,2,2,1,1,2,1,1
1056,4,2,2,2,2,1,1,2,1,1
1057,4,2,2,2,2,1,1,2,1,1
1058,4,2,2,2,2,1,1,2,1,1
1059,4,2,2,2,2,1,1,2,1,1
1060,4,2,2,2,2,1,1,2,1,1
1061,4,2,2,2,2,1,1,2,1,1
1062,4,2,2,2,2,1,1,2,1,1
1063,4,2,2,2,2,1,1,2,1,1
1064,4,2,2,2,2,1,1,2,1,1
1065,4,2,2,2,2,1,1,2,1,1
1066,4,2,2,2,2,1,1,2,1,1
1067,4,2,2,2,2,1,1,2,1,1
1068,4,2,2,2,2,1,1,2,1,1
1069,4,2,2,2,2,1,1,2,1,1
1070,4,2,2,2,2,1,1,2,1,1
1071,4,2,2,2,2,1,1,2,1,1
1072,4,2,2,2,2,1,1,2,1,1
1073,4,2,2,2,2,1,1,2,1,1
1074,4,2,2,2,2,1,1,2,1,1
1075,4,2,2,2,2,1,1,2,1,1
1076,4,2,2,2,2,1,1,2,1,1
1077,4,2,2,2,2,1,1,2,1,1
1078,4,2,2,2,2,1,1,2,1,1
1079,4,2,2,2,2,1,1,2,1,1
1080,4,2,2,2,2,1,1,2,1,1
1081,4,2,2,2,2,1,1,2,1,1
1082,4,2,2,2,2,1,1,2,1,1
1083,4,2,2,2,2,1,1,2,1,1
1084,4,2,2,2,2,1,1,2,1,1
1085,4,2,2,2,2,1,1,2,1,1
1086,4,2,2,2,2,1,1,2,1,1
1087,4,2,2,2,2,1,1,2,1,1
1088,4,2,2,2,2,1,1,2,1,1
1089,4,2,2,2,2,1,1,2,1,1
1090,4,2,2,2,2,1,1,2,1,1
1091,4,2,2,2,2,1,1,2,1,1
1092,4,2,2,2,2,1,1,2,1,1
1093,4,2,2,2,2,1,1,2,1,1
1094,4,2,2,2,2,1,1,2,1,1
1095,4,2,2,2,2,1,1,2,1,1
1096,4,2,2,2,2,1,1,2,1,1
1097,4,2,2,2,2,1,1,2,1,1
1098,4,2,2,2,2,1,1,2,1,1
1099,4,2,2,2,2,1,1,2,1,1
1100,4,2,2,2,2,1,1,2,1,1
1101,4,2,2,2,2,1,1,2,1,1
1102,4,2,2,2,2,1,1,2,1,1
1103,4,2,2,2,2,1,1,2,1,1
1104,4,2,2,2,2,1,1,2,1,1
1105,4,2,2,2,2,1,1,2,1,1
1106,4,2,2,2,2,1,1,2,1,1
1107,4,2,2,2,2,1,1,2,1,1
1108,4,2,2,2,2,1,1,2,1,1
1109,4,2,2,2,2,1,1,2,1,1
1110,4,2,2,2,2,1,1,2,1,1
1111,4,2,2,2,2,1,1,2,1,1
1112,4,2,2,2,2,1,1,2,1,1
1113,4,2,2,2,2,1,1,2,1,1
1114,4,2,2,2,2,1,1,2,1,1
1115,4,2,2,2,2,1,1,2,1,1
1116,4,2,2,2,2,1,1,2,1,1
1117,4,2,2,2,2,1,1,2,1,1
1118,4,2,2,2,2,1,1,2,1,1
1119,4,2,2,2,2,1,1,2,1,1
1120,4,2,2,2,2,1,1,2,1,1
1121,4,2,2,2,2,1,1,2,1,1
1122,4,2,2,2,2,1,1,2,1,1
1123,4,2,2,2,2,1,1,2,1,1
1124,4,2,2,2,2,1,1,2,1,1
1125,4,2,2,2,2,1,1,2,1,1
1126,4,2,2,2,2,1,1,2,1,1
1127,4,2,2,2,2,1,1,2,1,1
1128,4,2,2,2,2,1,1,2,1,1
1129,4,2,2,2,2,1,1,2,1,1
1130,4,2,2,2,2,1,1,2,1,1
1131,4,2,2,2,2,1,1,2,1,1
1132,4,2,2,2,2,1,1,2,1,1
1133,4,2,2,2,2,1,1,2,1,1
1134,4,2,2,2,2,1,1,2,1,1
1135,4,2,2,2,2,1,1,2,1,1
1136,4,2,2,2,2,1,1,2,1,1
1137,4,2,2,2,2,1,1,2,1,1
1138,4,2,2,2,2,1,1,2,1,1
1139,4,2,2,2,2,1,1,2,1,1
1140,4,2,2,2,2,1,1,2,1,1
1141,4,2,2,2,2,1,1,2,1,1
1142,4,2,2,2,2,1,1,2,1,1
1143,4,2,2,2,2,1,1,2,1,1
1144,4,2,2,2,2,1,1,2,1,1
1145,4,2,2,2,2,1,1,2,1,1
1146,4,2,2,2,2,1,1,2,1,1
1147,4,2,2,2,2,1,1,2,1,1
1148,4,2,2,2,2,1,1,2,1,1
1149,4,2,2,2,2,1,1,2,1,1
1150,4,2,2,2,2,1,1,2,1,1
1151,4,2,2,2,2,1,1,2,1,1
1152,4,2,2,2,2,1,1,2,1,1
1153,4,2,2,2,2,1,1,2,1,1
1154,4,2,2,2,2,1,1,2,1,1
1155,4,2,2,2,2,1,1,2,1,1
1156,4,2,2,2,2,1,1,2,1,1
1157,4,2,2,2,2,1,1,2,1,1
1158,4,2,2,2,2,1,1,2,1,1
1159,4,2,2,2,2,1,1,2,1,1
1160,4,2,2,2,2,1,1,2,1,1
1161,4,2,2,2,2,1,1,2,1,1
1162,4,2,2,2,2,1,1,2,1,1
1163,4,2,2,2,2,1,1,2,1,1
1164,4,2,2,2,2,1,1,2,1,1
1165,4,2,2,2,2,1,1,2,1,1
1166,4,2,2,2,2,1,1,2,1,1
1167,4,2,2,2,2,1,1,2,1,1
1168,4,2,2,2,2,1,1,2,1,1
1169,4,2,2,2,2,1,1,2,1,1
1170,4,2,2,2,2,1,1,2,1,1
1171,4,2,2,2,2,1,1,2,1,1
1172,5,2,0,1,3,1,1,0,0,0
1173,5,2,0,1,3,1,1,0,0,0
1174,5,2,0,1,3,1,1,0,0,0
1175,5,2,0,1,3,1,1,0,0,0
1176,5,2,0,1,3,1,1,0,0,0
1177,5,2,0,1,3,1,1,0,0,0
1178,5,2,0,1,3,1,1,0,0,0
1179,5,2,0,1,3,1,1,0,0,0
1180,5,2,0,1,3,1,1,0,0,0
1181,5,2,0,1,3,1,1,0,0,0
1182,5,2,0,1,3,1,1,0,0,0
1183,5,2,0,1,3,1,1,0,0,0
1184,5,2,0,1,3,1,1,0,0,0
1185,5,2,0,1,3,1,1,0,0,0
1186,5,2,0,1,3,1,1,0,0,0
1187,5,2,0,1,3,1,1,0,0,0
1188,5,2,0,1,3,1,1,0,0,0
1189,5,2,0,1,3,1,1,0,0,0
1190,5,2,0,1,3,1,1,0,0,0
1191,5,2,0,1,3,1,1,0,0,0
1192,5,2,0,1,3,1,1,0,0,0
1193,5,2,0,1,3,1,1,0,0,0
1194,5,2,0,1,3,1,1,0,0,0
1195,5,2,0,1,3,1,1,0,0,0
1196,5,2,0,1,3,1,1,0,0,0
1197,5,2,0,1,3,1,1,0,0,0
1198,5,2,0,1,3,1,1,0,0,0
1199,5,2,0,1,3,1,1,0,0,0
1200,5,2,0,1,3,1,1,0,0,0
1201,5,2,0,1,3,1,1,0,0,0
1202,5,2,0,1,3,1,1,0,0,0
1203,5,2,0,1,3,1,1,0,0,0
1204,5,2,0,1,3,1,1,0,0,0
1205,5,2,0,1,3,1,1,0,0,0
1206,5,2,0,1,3,1,1,0,0,0
1207,5,2,0,1,3,1,1,0,0,0
1208,5,2,0,1,3,1,1,0,0,0
1209,5,2,0,1,3,1,1,0,0,0
1210,5,2,0,1,3,1,1,0,0,0
1211,5,2,0,1,3,1,1,0,0,0
1212,5,2,0,1,3,1,1,0,0,0
1213,5,2,0,1,3,1,1,0,0,0
1214,5,2,0,1,3,1,1,0,0,0
1215,5,2,0,1,3,1,1,0,0,0
1216,5,2,0,1,3,1,1,0,0,0
1217,5,2,0,1,3,1,1,0,0,0
1218,5,2,0,1,3,1,1,0,0,0
1219,5,2,0,1,3,1,1,0,0,0
1220,5,2,0,1,3,1,1,0,0,0
1221,5,2,0,1,3,1,1,0,0,0
1222,5,2,0,1,3,1,1,0,0,0
1223,5,2,0,1,3,1,1,0,0,0
1224,5,2,0,1,3,1,1,0,0,0
1225,5,2,0,1,3,1,1,0,0,0
1226,5,2,0,1,3,1,1,0,0,0
1227,5,2,0,1,3,1,1,0,0,0
1228,5,2,0,1,3,1,1,0,0,0
1229,5,2,0,1,3,1,1,0,0,0
1230,5,2,0,1,3,1,1,0,0,0
1231,5,2,0,1,3,1,1,0,0,0
1232,5,2,0,1,3,1,1,0,0,0
1233,5,2,0,1,3,1,1,0,0,0
1234,5,2,0,1,3,1,1,0,0,0
1235,5,2,0,1,3,1,1,0,0,0
1236,5,2,0,1,3,1,1,0,0,0
1237,5,2,0,1,3,1,1,0,0,0
1238,5,2,0,1,3,1,1,0,0,0
1239,5,2,0,1,3,1,1,0,0,0
1240,5,2,0,1,3,1,1,0,0,0
1241,5,2,0,1,3,1,1,0,0,0
1242,5,2,0,1,3,1,1,0,0,0
1243,5,2,0,1,3,1,1,0,0,0
1244,5,2,0,1,3,1,1,0,0,0
1245,5,2,0,1,3,1,1,0,0,0
1246,5,2,0,1,3,1,1,0,0,0
1247,5,2,0,1,3,1,1,0,0,0
1248,5,2,0,1,3,1,1,0,0,0
1249,5,2,0,1,3,1,1,0,0,0
1250,5,2,0,1,3,1,1,0,0,0
1251,5,2,0,1,3,1,1,0,0,0
1252,5,2,0,1,3,1,1,0,0,0
1253,5,2,0,1,3,1,1,0,0,0
1254,5,2,0,1,3,1,1,0,0,0
1255,5,2,0,1,3,1,1,0,0,0
1256,5,2,0,1,3,1,1,0,0,0
1257,5,2,0,1,3,1,1,0,0,0
1258,5,2,0,1,3,1,1,0,0,0
1259,5,2,0,1,3,1,1,0,0,0
1260,5,2,0,1,3,1,1,0,0,0
1261,5,2,0,1,3,1,1,0,0,0
1262,5,2,0,1,3,1,1,0,0,0
1263,5,2,0,1,3,1,1,0,0,0
1264,5,2,0,1,3,1,1,0,0,0
1265,5,2,0,1,3,1,1,0,0,0
1266,5,2,0,1,3,1,1,0,0,0
1267,5,2,0,1,3,1,1,0,0,0
1268,5,2,0,1,3,1,1,0,0,0
1269,5,2,0,1,3,1,1,0,0,0
1270,5,2,0,1,3,1,1,0,0,0
1271,5,2,0,1,3,1,1,0,0,0
1272,5,2,0,1,3,1,1,0,0,0
1273,5,2,0,1,3,1,1,0,0,0
1274,5,2,0,1,3,1,1,0,0,0
1275,5,2,0,1,3,1,1,0,0,0
1276,5,2,0,1,3,1,1,0,0,0
1277,5,2,0,1,3,1,1,0,0,0
1278,5,2,0,1,3,1,1,0,0,0
1279,5,2,0,1,3,1,1,0,0,0
1280,5,2,0,1,3,1,1,0,0,0
1281,5,2,0,1,3,1,1,0,0,0
1282,5,2,0,1,3,1,1,0,0,0
1283,5,2,0,1,3,1,1,0,0,0
1284,5,2,0,1,3,1,1,0,0,0
1285,5,2,0,1,3,1,1,0,0,0
1286,5,2,0,1,3,1,1,0,0,0
1287,5,2,0,1,3,1,1,0,0,0
1288,5,2,0,1,3,1,1,0,0,0
1289,5,2,0,1,3,1,1,0,0,0
1290,5,2,0,1,3,1,1,0,0,0
1291,5,2,0,1,3,1,1,0,0,0
1292,5,2,0,1,3,1,1,0,0,0
1293,5,2,0,1,3,1,1,0,0,0
1294,5,2,0,1,3,1,1,0,0,0
1295,5,2,0,1,3,1,1,0,0,0
1296,5,2,0,1,3,1,1,0,0,0
1297,5,2,0,1,3,1,1,0,0,0
1298,5,2,0,1,3,1,1,0,0,0
1299,5,2,0,1,3,1,1,0,0,0
1300,5,2,0,1,3,1,1,0,0,0
1301,5,2,0,1,3,1,1,0,0,0
1302,5,2,0,1,3,1,1,0,0,0
1303,5,2,0,1,3,1,1,0,0,0
1304,5,2,0,1,3,1,1,0,0,0
1305,5,2,0,1,3,1,1,0,0,0
1306,5,2,0,1,3,1,1,0,0,0
1307,5,2,0,1,3,1,1,0,0,0
1308,5,2,0,1,3,1,1,0,0,0
1309,5,2,0,1,3,1,1,0,0,0
1310,5,2,0,1,3,1,1,0,0,0
1311,5,2,0,1,3,1,1,0,0,0
1312,5,2,0,1,3,1,1,0,0,0
1313,5,2,0,1,3,1,1,0,0,0
1314,5,2,0,1,3,1,1,0,0,0
1315,5,2,0,1,3,1,1,0,0,0
1316,5,2,0,1,3,1,1,0,0,0
1317,5,2,0,1,3,1,1,0,0,0
1318,5,2,0,1,3,1,1,0,0,0
1319,5,2,0,1,3,1,1,0,0,0
1320,5,2,0,1,3,1,1,0,0,0
1321,5,2,0,1,3,1,1,0,0,0
1322,5,2,0,1,3,1,1,0,0,0
1323,5,2,0,1,3,1,1,0,0,0
1324,5,2,0,1,3,1,1,0,0,0
1325,5,2,0,1,3,1,1,0,0,0
1326,5,2,0,1,3,1,1,0,0,0
1327,5,2,0,1,3,1,1,0,0,0
1328,5,2,0,1,3,1,1,0,0,0
1329,5,2,0,1,3,1,1,0,0,0
1330,5,2,0,1,3,1,1,0,0,0
1331,5,2,0,1,3,1,1,0,0,0
1332,5,2,0,1,3,1,1,0,0,0
1333,5,2,0,1,3,1,1,0,0,0
1334,5,2,0,1,3,1,1,0,0,0
1335,5,2,0,1,3,1,1,0,0,0
1336,5,2,0,1,3,1,1,0,0,0
1337,5,2,0,1,3,1,1,0,0,0
1338,5,2,0,1,3,1,1,0,0,0
1339,5,2,0,1,3,1,1,0,0,0
1340,5,2,0,1,3,1,1,0,0,0
1341,5,2,0,1,3,1,1,0,0,0
1342,5,2,0,1,3,1,1,0,0,0
1343,5,2,0,1,3,1,1,0,0,0
1344,5,2,0,1,3,1,1,0,0,0
1345,5,2,0,1,3,1,1,0,0,0
1346,5,2,0,1,3,1,1,0,0,0
1347,5,2,0,1,3,1,1,0,0,0
1348,5,2,0,1,3,1,1,0,0,0
1349,5,2,0,1,3,1,1,0,0,0
1350,5,2,0,1,3,1,1,0,0,0
1351,5,2,0,1,3,1,1,0,0,0
1352,5,2,0,1,3,1,1,0,0,0
1353,5,2,0,1,3,1,1,0,0,0
1354,5,2,0,1,3,1,1,0,0,0
1355,5,2,0,1,3,1,1,0,0,0
1356,5,2,0,1,3,1,1,0,0,0
1357,5,2,0,1,3,1,1,0,0,0
1358,5,2,0,1,3,1,1,0,0,0
1359,5,2,0,1,3,1,1,0,0,0
1360,5,2,0,1,3,1,1,0,0,0
1361,5,2,0,1,3,1,1,0,0,0
1362,5,2,0,1,3,1,1,0,0,0
1363,5,2,0,1,3,1,1,0,0,0
1364,5,2,0,1,3,1,1,0,0,0
1365,5,2,0,1,3,1,1,0,0,0
1366,5,2,0,1,3,1,1,0,0,0
1367,5,2,0,1,3,1,1,0,0,0
1368,5,2,0,1,3,1,1,0,0,0
1369,5,2,0,1,3,1,1,0,0,0
1370,5,2,0,1,3,1,1,0,0,0
1371,5,2,0,1,3,1,1,0,0,0
1372,5,2,0,1,3,1,1,0,0,0
1373,5,2,0,1,3,1,1,0,0,0
1374,5,2,0,1,3,1,1,0,0,0
1375,5,2,0,1,3,1,1,0,0,0
1376,5,2,0,1,3,1,1,0,0,0
1377,5,2,0,1,3,1,1,0,0,0
1378,5,2,0,1,3,1,1,0,0,0
1379,5,2,0,1,3,1,1,0,0,0
1380,5,2,0,1,3,1,1,0,0,0
1381,5,2,0,1,3,1,1,0,0,0
1382,5,2,0,1,3,1,1,0,0,0
1383,5,2,0,1,3,1,1,0,0,0
1384,5,2,0,1,3,1,1,0,0,0
1385,5,2,0,1,3,1,1,0,0,0
1386,5,2,0,1,3,1,1,0,0,0
1387,5,2,0,1,3,1,1,0,0,0
1388,5,2,0,1,3,1,1,0,0,0
1389,5,2,0,1,3,1,1,0,0,0
1390,5,2,0,1,3,1,1,0,0,0
1391,5,2,0,1,3,1,1,0,0,0
1392,5,2,0,1,3,1,1,0,0,0
1393,5,2,0,1,3,1,1,0,0,0
1394,5,2,0,1,3,1,1,0,0,0
1395,5,2,0,1,3,1,1,0,0,0
1396,5,2,0,1,3,1,1,0,0,0
1397,5,2,0,1,3,1,1,0,0,0
1398,5,2,0,1,3,1,1,0,0,0
1399,5,2,0,1,3,1,1,0,0,0
1400,5,2,0,1,3,1,1,0,0,0
1401,5,2,0,1,3,1,1,0,0,0
1402,5,2,0,1,3,1,1,0,0,0
1403,5,2,0,1,3,1,1,0,0,0
1404,5,2,0,1,3,1,1,0,0,0
1405,5,2,0,1,3,1,1,0,0,0
1406,5,2,0,1,3,1,1,0,0,0
1407,5,2,0,1,3,1,1,0,0,0
1408,5,2,0,1,3,1,1,0,0,0
1409,5,2,0,1,3,1,1,0,0,0
1410,5,2,0,1,3,1,1,0,0,0
1411,5,2,0,1,3,1,1,0,0,0
1412,6,1,2,1,3,1,1,2,1,1
1413,6,1,2,1,3,1,1,2,1,1
1414,6,1,2,1,3,1,1,2,1,1
1415,6,1,2,1,3,1,1,2,1,1
1416,6,1,2,1,3,1,1,2,1,1
1417,6,1,2,1,3,1,1,2,1,1
1418,6,1,2,1,3,1,1,2,1,1
1419,6,1,2,1,3,1,1,2,1,1
1420,6,1,2,1,3,1,1,2,1,1
1421,6,1,2,1,3,1,1,2,1,1
1422,6,1,2,1,3,1,1,2,1,1
1423,6,1,2,1,3,1,1,2,1,1
1424,6,1,2,1,3,1,1,2,1,1
1426,6,1,2,1,3,1,1,2,1,1
1427,6,1,2,1,3,1,1,2,1,1
1428,6,1,2,1,3,1,1,2,1,1
1429,6,1,2,1,3,1,1,2,1,1
1430,6,1,2,1,3,1,1,2,1,1
1431,6,1,2,1,3,1,1,2,1,1
1432,6,1,2,1,3,1,1,2,1,1
1433,6,1,2,1,3,1,1,2,1,1
1434,6,1,2,1,3,1,1,2,1,1
1435,6,1,2,1,3,1,1,2,1,1
1436,6,1,2,1,3,1,1,2,1,1
1437,6,1,2,1,3,1,1,2,1,1
1438,6,1,2,1,3,1,1,2,1,1
1439,6,1,2,1,3,1,1,2,1,1
1440,6,1,2,1,3,1,1,2,1,1
1441,6,1,2,1,3,1,1,2,1,1
1442,6,1,2,1,3,1,1,2,1,1
1443,6,1,2,1,3,1,1,2,1,1
1444,6,1,2,1,3,1,1,2,1,1
1445,6,1,2,1,3,1,1,2,1,1
1446,6,1,2,1,3,1,1,2,1,1
1447,6,1,2,1,3,1,1,2,1,1
1448,6,1,2,1,3,1,1,2,1,1
1449,6,1,2,1,3,1,1,2,1,1
1450,6,1,2,1,3,1,1,2,1,1
1451,6,1,2,1,3,1,1,2,1,1
1452,6,1,2,1,3,1,1,2,1,1
1453,6,1,2,1,3,1,1,2,1,1
1454,6,1,2,1,3,1,1,2,1,1
1455,6,1,2,1,3,1,1,2,1,1
1456,6,1,2,1,3,1,1,2,1,1
1457,6,1,2,1,3,1,1,2,1,1
1458,6,1,2,1,3,1,1,2,1,1
1459,6,1,2,1,3,1,1,2,1,1
1460,6,1,2,1,3,1,1,2,1,1
1461,6,1,2,1,3,1,1,2,1,1
1462,6,1,2,1,3,1,1,2,1,1
1463,6,1,2,1,3,1,1,2,1,1
1464,6,1,2,1,3,1,1,2,1,1
1465,6,1,2,1,3,1,1,2,1,1
1466,6,1,2,1,3,1,1,2,1,1
1467,6,1,2,1,3,1,1,2,1,1
1468,6,1,2,1,3,1,1,2,1,1
1469,6,1,2,1,3,1,1,2,1,1
1470,6,1,2,1,3,1,1,2,1,1
1471,6,1,2,1,3,1,1,2,1,1
1472,6,1,2,1,3,1,1,2,1,1
1473,6,1,2,1,3,1,1,2,1,1
1474,6,1,2,1,3,1,1,2,1,1
1475,6,1,2,1,3,1,1,2,1,1
1476,6,1,2,1,3,1,1,2,1,1
1477,6,1,2,1,3,1,1,2,1,1
1478,6,1,2,1,3,1,1,2,1,1
1479,6,1,2,1,3,1,1,2,1,1
1480,6,1,2,1,3,1,1,2,1,1
1481,6,1,2,1,3,1,1,2,1,1
1482,6,1,2,1,3,1,1,2,1,1
1483,6,1,2,1,3,1,1,2,1,1
1484,6,1,2,1,3,1,1,2,1,1
1485,6,1,2,1,3,1,1,2,1,1
1486,6,1,2,1,3,1,1,2,1,1
1487,6,1,2,1,3,1,1,2,1,1
1488,6,1,2,1,3,1,1,2,1,1
1489,6,1,2,1,3,1,1,2,1,1
1490,6,1,2,1,3,1,1,2,1,1
1491,6,1,2,1,3,1,1,2,1,1
1492,6,1,2,1,3,1,1,2,1,1
1493,6,1,2,1,3,1,1,2,1,1
1494,6,1,2,1,3,1,1,2,1,1
1495,6,1,2,1,3,1,1,2,1,1
1496,6,1,2,1,3,1,1,2,1,1
1497,6,1,2,1,3,1,1,2,1,1
1498,6,1,2,1,3,1,1,2,1,1
1499,6,1,2,1,3,1,1,2,1,1
1500,6,1,2,1,3,1,1,2,1,1
1501,6,1,2,1,3,1,1,2,1,1
1502,6,1,2,1,3,1,1,2,1,1
1503,6,1,2,1,3,1,1,2,1,1
1504,6,1,2,1,3,1,1,2,1,1
1505,6,1,2,1,3,1,1,2,1,1
1506,6,1,2,1,3,1,1,2,1,1
1507,6,1,2,1,3,1,1,2,1,1
1508,6,1,2,1,3,1,1,2,1,1
1510,6,1,2,1,3,1,1,2,1,1
1511,6,1,2,1,3,1,1,2,1,1
1512,6,1,2,1,3,1,1,2,1,1
1513,6,1,2,1,3,1,1,2,1,1
1514,6,1,2,1,3,1,1,2,1,1
1515,6,1,2,1,3,1,1,2,1,1
1516,6,1,2,1,3,1,1,2,1,1
1517,6,1,2,1,3,1,1,2,1,1
1518,6,1,2,1,3,1,1,2,1,1
1519,6,1,2,1,3,1,1,2,1,1
1520,6,1,2,1,3,1,1,2,1,1
1521,6,1,2,1,3,1,1,2,1,1
1522,6,1,2,1,3,1,1,2,1,1
1523,6,1,2,1,3,1,1,2,1,1
1524,6,1,2,1,3,1,1,2,1,1
1525,6,1,2,1,3,1,1,2,1,1
1526,6,1,2,1,3,1,1,2,1,1
1527,6,1,2,1,3,1,1,2,1,1
1528,6,1,2,1,3,1,1,2,1,1
1529,6,1,2,1,3,1,1,2,1,1
1530,6,1,2,1,3,1,1,2,1,1
1531,6,1,2,1,3,1,1,2,1,1
1532,6,1,2,1,3,1,1,2,1,1
1533,6,1,2,1,3,1,1,2,1,1
1534,6,1,2,1,3,1,1,2,1,1
1535,6,1,2,1,3,1,1,2,1,1
1536,6,1,2,1,3,1,1,2,1,1
1537,6,1,2,1,3,1,1,2,1,1
1538,6,1,2,1,3,1,1,2,1,1
1539,6,1,2,1,3,1,1,2,1,1
1540,6,1,2,1,3,1,1,2,1,1
1541,6,1,2,1,3,1,1,2,1,1
1542,6,1,2,1,3,1,1,2,1,1
1543,6,1,2,1,3,1,1,2,1,1
1544,6,1,2,1,3,1,1,2,1,1
1545,6,1,2,1,3,1,1,2,1,1
1546,6,1,2,1,3,1,1,2,1,1
1547,6,1,2,1,3,1,1,2,1,1
1548,6,1,2,1,3,1,1,2,1,1
1549,6,1,2,1,3,1,1,2,1,1
1550,6,1,2,1,3,1,1,2,1,1
1551,6,1,2,1,3,1,1,2,1,1
1552,6,1,2,1,3,1,1,2,1,1
1553,6,1,2,1,3,1,1,2,1,1
1554,6,1,2,1,3,1,1,2,1,1
1555,6,1,2,1,3,1,1,2,1,1
1556,6,1,2,1,3,1,1,2,1,1
1557,6,1,2,1,3,1,1,2,1,1
1558,6,1,2,1,3,1,1,2,1,1
1559,6,1,2,1,3,1,1,2,1,1
1560,6,1,2,1,3,1,1,2,1,1
1561,6,1,2,1,3,1,1,2,1,1
1562,6,1,2,1,3,1,1,2,1,1
1563,6,1,2,1,3,1,1,2,1,1
1564,6,1,2,1,3,1,1,2,1,1
1565,6,1,2,1,3,1,1,2,1,1
1566,6,1,2,1,3,1,1,2,1,1
1567,6,1,2,1,3,1,1,2,1,1
1568,6,1,2,1,3,1,1,2,1,1
1569,6,1,2,1,3,1,1,2,1,1
1570,6,1,2,1,3,1,1,2,1,1
1571,6,1,2,1,3,1,1,2,1,1
1572,6,1,2,1,3,1,1,2,1,1
1573,6,1,2,1,3,1,1,2,1,1
1574,6,1,2,1,3,1,1,2,1,1
1575,6,1,2,1,3,1,1,2,1,1
1576,6,1,2,1,3,1,1,2,1,1
1577,6,1,2,1,3,1,1,2,1,1
1578,6,1,2,1,3,1,1,2,1,1
1579,6,1,2,1,3,1,1,2,1,1
1580,6,1,2,1,3,1,1,2,1,1
1581,6,1,2,1,3,1,1,2,1,1
1582,6,1,2,1,3,1,1,2,1,1
1583,6,1,2,1,3,1,1,2,1,1
1584,6,1,2,1,3,1,1,2,1,1
1585,6,1,2,1,3,1,1,2,1,1
1586,6,1,2,1,3,1,1,2,1,1
1587,6,1,2,1,3,1,1,2,1,1
1588,6,1,2,1,3,1,1,2,1,1
1589,6,1,2,1,3,1,1,2,1,1
1590,6,1,2,1,3,1,1,2,1,1
1591,6,1,2,1,3,1,1,2,1,1
1592,6,1,2,1,3,1,1,2,1,1
1593,6,1,2,1,3,1,1,2,1,1
1594,6,1,2,1,3,1,1,2,1,1
1595,6,1,2,1,3,1,1,2,1,1
1596,6,1,2,1,3,1,1,2,1,1
1597,6,1,2,1,3,1,1,2,1,1
1598,6,1,2,1,3,1,1,2,1,1
1599,6,1,2,1,3,1,1,2,1,1
1600,6,1,2,1,3,1,1,2,1,1
1601,6,1,2,1,3,1,1,2,1,1
1602,6,1,2,1,3,1,1,2,1,1
1603,6,1,2,1,3,1,1,2,1,1
1604,6,1,2,1,3,1,1,2,1,1
1605,6,1,2,1,3,1,1,2,1,1
1606,6,1,2,1,3,1,1,2,1,1
1607,6,1,2,1,3,1,1,2,1,1
1608,6,1,2,1,3,1,1,2,1,1
1609,6,1,2,1,3,1,1,2,1,1
1610,6,1,2,1,3,1,1,2,1,1
1611,6,1,2,1,3,1,1,2,1,1
1612,6,1,2,1,3,1,1,2,1,1
1613,6,1,2,1,3,1,1,2,1,1
1614,6,1,2,1,3,1,1,2,1,1
1615,6,1,2,1,3,1,1,2,1,1
1616,6,1,2,1,3,1,1,2,1,1
1617,6,1,2,1,3,1,1,2,1,1
1618,6,1,2,1,3,1,1,2,1,1
1619,6,1,2,1,3,1,1,2,1,1
1620,6,1,2,1,3,1,1,2,1,1
1621,6,1,2,1,3,1,1,2,1,1
1622,6,1,2,1,3,1,1,2,1,1
1623,6,1,2,1,3,1,1,2,1,1
1624,6,1,2,1,3,1,1,2,1,1
1625,6,1,2,1,3,1,1,2,1,1
1626,6,1,2,1,3,1,1,2,1,1
1627,6,1,2,1,3,1,1,2,1,1
1628,6,1,2,1,3,1,1,2,1,1
1629,6,1,2,1,3,1,1,2,1,1
1630,6,1,2,1,3,1,1,2,1,1
1631,6,1,2,1,3,1,1,2,1,1
1632,6,1,2,1,3,1,1,2,1,1
1633,6,1,2,1,3,1,1,2,1,1
1634,6,1,2,1,3,1,1,2,1,1
1635,6,1,2,1,3,1,1,2,1,1
1636,6,1,2,1,3,1,1,2,1,1
1637,6,1,2,1,3,1,1,2,1,1
1638,6,1,2,1,3,1,1,2,1,1
1639,6,1,2,1,3,1,1,2,1,1
1640,6,1,2,1,3,1,1,2,1,1
1641,6,1,2,1,3,1,1,2,1,1
1642,6,1,2,1,3,1,1,2,1,1
1643,6,1,2,1,3,1,1,2,1,1
1644,6,1,2,1,3,1,1,2,1,1
1645,6,1,2,1,3,1,1,2,1,1
1646,6,1,2,1,3,1,1,2,1,1
1647,6,1,2,1,3,1,1,2,1,1
1648,6,1,2,1,3,1,1,2,1,1
1649,6,1,2,1,3,1,1,2,1,1
1650,6,1,2,1,3,1,1,2,1,1
1651,6,1,2,1,3,1,1,2,1,1
1652,7,2,1,1,3,1,0,1,1,1
1653,7,2,1,1,3,1,0,1,1,1
1654,7,2,1,1,3,1,0,1,1,1
1655,7,2,1,1,3,1,0,1,1,1
1656,7,2,1,1,3,1,0,1,1,1
1657,7,2,1,1,3,1,0,1,1,1
1658,7,2,1,1,3,1,0,1,1,1
1659,7,2,1,1,3,1,0,1,1,1
1660,7,2,1,1,3,1,0,1,1,1
1661,7,2,1,1,3,1,0,1,1,1
1662,7,2,1,1,3,1,0,1,1,1
1663,7,2,1,1,3,1,0,1,1,1
1664,7,2,1,1,3,1,0,1,1,1
1665,7,2,1,1,3,1,0,1,1,1
1666,7,2,1,1,3,1,0,1,1,1
1667,7,2,1,1,3,1,0,1,1,1
1668,7,2,1,1,3,1,0,1,1,1
1669,7,2,1,1,3,1,0,1,1,1
1670,7,2,1,1,3,1,0,1,1,1
1671,7,2,1,1,3,1,0,1,1,1
1672,7,2,1,1,3,1,0,1,1,1
1673,7,2,1,1,3,1,0,1,1,1
1674,7,2,1,1,3,1,0,1,1,1
1675,7,2,1,1,3,1,0,1,1,1
1676,7,2,1,1,3,1,0,1,1,1
1677,7,2,1,1,3,1,0,1,1,1
1678,7,2,1,1,3,1,0,1,1,1
1679,7,2,1,1,3,1,0,1,1,1
1680,7,2,1,1,3,1,0,1,1,1
1681,7,2,1,1,3,1,0,1,1,1
1682,7,2,1,1,3,1,0,1,1,1
1683,7,2,1,1,3,1,0,1,1,1
1684,7,2,1,1,3,1,0,1,1,1
1685,7,2,1,1,3,1,0,1,1,1
1686,7,2,1,1,3,1,0,1,1,1
1687,7,2,1,1,3,1,0,1,1,1
1688,7,2,1,1,3,1,0,1,1,1
1689,7,2,1,1,3,1,0,1,1,1
1690,7,2,1,1,3,1,0,1,1,1
1691,7,2,1,1,3,1,0,1,1,1
1692,7,2,1,1,3,1,0,1,1,1
1693,7,2,1,1,3,1,0,1,1,1
1694,7,2,1,1,3,1,0,1,1,1
1695,7,2,1,1,3,1,0,1,1,1
1696,7,2,1,1,3,1,0,1,1,1
1697,7,2,1,1,3,1,0,1,1,1
1698,7,2,1,1,3,1,0,1,1,1
1699,7,2,1,1,3,1,0,1,1,1
1700,7,2,1,1,3,1,0,1,1,1
1701,7,2,1,1,3,1,0,1,1,1
1702,7,2,1,1,3,1,0,1,1,1
1703,7,2,1,1,3,1,0,1,1,1
1704,7,2,1,1,3,1,0,1,1,1
1705,7,2,1,1,3,1,0,1,1,1
1706,7,2,1,1,3,1,0,1,1,1
1707,7,2,1,1,3,1,0,1,1,1
1708,7,2,1,1,3,1,0,1,1,1
1709,7,2,1,1,3,1,0,1,1,1
1710,7,2,1,1,3,1,0,1,1,1
1711,7,2,1,1,3,1,0,1,1,1
1712,7,2,1,1,3,1,0,1,1,1
1713,7,2,1,1,3,1,0,1,1,1
1714,7,2,1,1,3,1,0,1,1,1
1715,7,2,1,1,3,1,0,1,1,1
1716,7,2,1,1,3,1,0,1,1,1
1717,7,2,1,1,3,1,0,1,1,1
1718,7,2,1,1,3,1,0,1,1,1
1719,7,2,1,1,3,1,0,1,1,1
1720,7,2,1,1,3,1,0,1,1,1
1721,7,2,1,1,3,1,0,1,1,1
1722,7,2,1,1,3,1,0,1,1,1
1723,7,2,1,1,3,1,0,1,1,1
1724,7,2,1,1,3,1,0,1,1,1
1725,7,2,1,1,3,1,0,1,1,1
1726,7,2,1,1,3,1,0,1,1,1
1727,7,2,1,1,3,1,0,1,1,1
1728,7,2,1,1,3,1,0,1,1,1
1729,7,2,1,1,3,1,0,1,1,1
1730,7,2,1,1,3,1,0,1,1,1
1731,7,2,1,1,3,1,0,1,1,1
1732,7,2,1,1,3,1,0,1,1,1
1733,7,2,1,1,3,1,0,1,1,1
1734,7,2,1,1,3,1,0,1,1,1
1735,7,2,1,1,3,1,0,1,1,1
1736,7,2,1,1,3,1,0,1,1,1
1737,7,2,1,1,3,1,0,1,1,1
1738,7,2,1,1,3,1,0,1,1,1
1739,7,2,1,1,3,1,0,1,1,1
1740,7,2,1,1,3,1,0,1,1,1
1741,7,2,1,1,3,1,0,1,1,1
1742,7,2,1,1,3,1,0,1,1,1
1743,7,2,1,1,3,1,0,1,1,1
1744,7,2,1,1,3,1,0,1,1,1
1745,7,2,1,1,3,1,0,1,1,1
1746,7,2,1,1,3,1,0,1,1,1
1747,7,2,1,1,3,1,0,1,1,1
1748,7,2,1,1,3,1,0,1,1,1
1749,7,2,1,1,3,1,0,1,1,1
1750,7,2,1,1,3,1,0,1,1,1
1751,7,2,1,1,3,1,0,1,1,1
1752,7,2,1,1,3,1,0,1,1,1
1753,7,2,1,1,3,1,0,1,1,1
1754,7,2,1,1,3,1,0,1,1,1
1755,7,2,1,1,3,1,0,1,1,1
1756,7,2,1,1,3,1,0,1,1,1
1757,7,2,1,1,3,1,0,1,1,1
1758,7,2,1,1,3,1,0,1,1,1
1759,7,2,1,1,3,1,0,1,1,1
1760,7,2,1,1,3,1,0,1,1,1
1761,7,2,1,1,3,1,0,1,1,1
1762,7,2,1,1,3,1,0,1,1,1
1763,7,2,1,1,3,1,0,1,1,1
1764,7,2,1,1,3,1,0,1,1,1
1765,7,2,1,1,3,1,0,1,1,1
1766,7,2,1,1,3,1,0,1,1,1
1767,7,2,1,1,3,1,0,1,1,1
1768,7,2,1,1,3,1,0,1,1,1
1769,7,2,1,1,3,1,0,1,1,1
1770,7,2,1,1,3,1,0,1,1,1
1771,7,2,1,1,3,1,0,1,1,1
1772,7,2,1,1,3,1,0,1,1,1
1773,7,2,1,1,3,1,0,1,1,1
1774,7,2,1,1,3,1,0,1,1,1
1775,7,2,1,1,3,1,0,1,1,1
1776,7,2,1,1,3,1,0,1,1,1
1777,7,2,1,1,3,1,0,1,1,1
1778,7,2,1,1,3,1,0,1,1,1
1779,7,2,1,1,3,1,0,1,1,1
1780,7,2,1,1,3,1,0,1,1,1
1781,7,2,1,1,3,1,0,1,1,1
1782,7,2,1,1,3,1,0,1,1,1
1783,7,2,1,1,3,1,0,1,1,1
1784,7,2,1,1,3,1,0,1,1,1
1785,7,2,1,1,3,1,0,1,1,1
1786,7,2,1,1,3,1,0,1,1,1
1787,7,2,1,1,3,1,0,1,1,1
1788,7,2,1,1,3,1,0,1,1,1
1789,7,2,1,1,3,1,0,1,1,1
1790,7,2,1,1,3,1,0,1,1,1
1791,7,2,1,1,3,1,0,1,1,1
1792,7,2,1,1,3,1,0,1,1,1
1793,7,2,1,1,3,1,0,1,1,1
1794,7,2,1,1,3,1,0,1,1,1
1795,7,2,1,1,3,1,0,1,1,1
1796,7,2,1,1,3,1,0,1,1,1
1797,7,2,1,1,3,1,0,1,1,1
1798,7,2,1,1,3,1,0,1,1,1
1799,7,2,1,1,3,1,0,1,1,1
1800,7,2,1,1,3,1,0,1,1,1
1801,7,2,1,1,3,1,0,1,1,1
1802,7,2,1,1,3,1,0,1,1,1
1803,7,2,1,1,3,1,0,1,1,1
1804,7,2,1,1,3,1,0,1,1,1
1805,7,2,1,1,3,1,0,1,1,1
1806,7,2,1,1,3,1,0,1,1,1
1807,7,2,1,1,3,1,0,1,1,1
1808,7,2,1,1,3,1,0,1,1,1
1809,7,2,1,1,3,1,0,1,1,1
1810,7,2,1,1,3,1,0,1,1,1
1811,7,2,1,1,3,1,0,1,1,1
1812,7,2,1,1,3,1,0,1,1,1
1813,7,2,1,1,3,1,0,1,1,1
1814,7,2,1,1,3,1,0,1,1,1
1815,7,2,1,1,3,1,0,1,1,1
1816,7,2,1,1,3,1,0,1,1,1
1817,7,2,1,1,3,1,0,1,1,1
1818,7,2,1,1,3,1,0,1,1,1
1819,7,2,1,1,3,1,0,1,1,1
1820,7,2,1,1,3,1,0,1,1,1
1821,7,2,1,1,3,1,0,1,1,1
1822,7,2,1,1,3,1,0,1,1,1
1823,7,2,1,1,3,1,0,1,1,1
1824,7,2,1,1,3,1,0,1,1,1
1825,7,2,1,1,3,1,0,1,1,1
1826,7,2,1,1,3,1,0,1,1,1
1827,7,2,1,1,3,1,0,1,1,1
1828,7,2,1,1,3,1,0,1,1,1
1829,7,2,1,1,3,1,0,1,1,1
1830,7,2,1,1,3,1,0,1,1,1
1831,7,2,1,1,3,1,0,1,1,1
1832,7,2,1,1,3,1,0,1,1,1
1833,7,2,1,1,3,1,0,1,1,1
1834,7,2,1,1,3,1,0,1,1,1
1835,7,2,1,1,3,1,0,1,1,1
1836,7,2,1,1,3,1,0,1,1,1
1837,7,2,1,1,3,1,0,1,1,1
1838,7,2,1,1,3,1,0,1,1,1
1839,7,2,1,1,3,1,0,1,1,1
1840,7,2,1,1,3,1,0,1,1,1
1841,7,2,1,1,3,1,0,1,1,1
1842,7,2,1,1,3,1,0,1,1,1
1843,7,2,1,1,3,1,0,1,1,1
1844,7,2,1,1,3,1,0,1,1,1
1845,7,2,1,1,3,1,0,1,1,1
1846,7,2,1,1,3,1,0,1,1,1
1847,7,2,1,1,3,1,0,1,1,1
1848,7,2,1,1,3,1,0,1,1,1
1849,7,2,1,1,3,1,0,1,1,1
1850,7,2,1,1,3,1,0,1,1,1
1851,7,2,1,1,3,1,0,1,1,1
1852,7,2,1,1,3,1,0,1,1,1
1853,7,2,1,1,3,1,0,1,1,1
1854,7,2,1,1,3,1,0,1,1,1
1855,7,2,1,1,3,1,0,1,1,1
1856,7,2,1,1,3,1,0,1,1,1
1857,7,2,1,1,3,1,0,1,1,1
1858,7,2,1,1,3,1,0,1,1,1
1859,7,2,1,1,3,1,0,1,1,1
1860,7,2,1,1,3,1,0,1,1,1
1861,7,2,1,1,3,1,0,1,1,1
1862,7,2,1,1,3,1,0,1,1,1
1863,7,2,1,1,3,1,0,1,1,1
1864,7,2,1,1,3,1,0,1,1,1
1865,7,2,1,1,3,1,0,1,1,1
1866,7,2,1,1,3,1,0,1,1,1
1867,7,2,1,1,3,1,0,1,1,1
1868,7,2,1,1,3,1,0,1,1,1
1869,7,2,1,1,3,1,0,1,1,1
1870,7,2,1,1,3,1,0,1,1,1
1871,7,2,1,1,3,1,0,1,1,1
1872,7,2,1,1,3,1,0,1,1,1
1873,7,2,1,1,3,1,0,1,1,1
1874,7,2,1,1,3,1,0,1,1,1
1875,7,2,1,1,3,1,0,1,1,1
1876,7,2,1,1,3,1,0,1,1,1
1877,7,2,1,1,3,1,0,1,1,1
1878,7,2,1,1,3,1,0,1,1,1
1879,7,2,1,1,3,1,0,1,1,1
1880,7,2,1,1,3,1,0,1,1,1
1881,7,2,1,1,3,1,0,1,1,1
1882,7,2,1,1,3,1,0,1,1,1
1883,7,2,1,1,3,1,0,1,1,1
1884,7,2,1,1,3,1,0,1,1,1
1885,7,2,1,1,3,1,0,1,1,1
1886,7,2,1,1,3,1,0,1,1,1
1887,7,2,1,1,3,1,0,1,1,1
1888,7,2,1,1,3,1,0,1,1,1
1889,7,2,1,1,3,1,0,1,1,1
1890,7,2,1,1,3,1,0,1,1,1
1891,7,2,1,1,3,1,0,1,1,1
1892,8,2,2,1,1,1,1,0,2,1
1893,8,2,2,1,1,1,1,0,2,1
1894,8,2,2,1,1,1,1,0,2,1
1895,8,2,2,1,1,1,1,0,2,1
1896,8,2,2,1,1,1,1,0,2,1
1897,8,2,2,1,1,1,1,0,2,1
1898,8,2,2,1,1,1,1,0,2,1
1899,8,2,2,1,1,1,1,0,2,1
1900,8,2,2,1,1,1,1,0,2,1
1901,8,2,2,1,1,1,1,0,2,1
1902,8,2,2,1,1,1,1,0,2,1
1903,8,2,2,1,1,1,1,0,2,1
1904,8,2,2,1,1,1,1,0,2,1
1905,8,2,2,1,1,1,1,0,2,1
1906,8,2,2,1,1,1,1,0,2,1
1907,8,2,2,1,1,1,1,0,2,1
1908,8,2,2,1,1,1,1,0,2,1
1909,8,2,2,1,1,1,1,0,2,1
1910,8,2,2,1,1,1,1,0,2,1
1911,8,2,2,1,1,1,1,0,2,1
1912,8,2,2,1,1,1,1,0,2,1
1913,8,2,2,1,1,1,1,0,2,1
1914,8,2,2,1,1,1,1,0,2,1
1915,8,2,2,1,1,1,1,0,2,1
1916,8,2,2,1,1,1,1,0,2,1
1917,8,2,2,1,1,1,1,0,2,1
1918,8,2,2,1,1,1,1,0,2,1
1919,8,2,2,1,1,1,1,0,2,1
1920,8,2,2,1,1,1,1,0,2,1
1921,8,2,2,1,1,1,1,0,2,1
1922,8,2,2,1,1,1,1,0,2,1
1923,8,2,2,1,1,1,1,0,2,1
1924,8,2,2,1,1,1,1,0,2,1
1925,8,2,2,1,1,1,1,0,2,1
1926,8,2,2,1,1,1,1,0,2,1
1927,8,2,2,1,1,1,1,0,2,1
1928,8,2,2,1,1,1,1,0,2,1
1929,8,2,2,1,1,1,1,0,2,1
1930,8,2,2,1,1,1,1,0,2,1
1931,8,2,2,1,1,1,1,0,2,1
1932,8,2,2,1,1,1,1,0,2,1
1933,8,2,2,1,1,1,1,0,2,1
1934,8,2,2,1,1,1,1,0,2,1
1935,8,2,2,1,1,1,1,0,2,1
1936,8,2,2,1,1,1,1,0,2,1
1937,8,2,2,1,1,1,1,0,2,1
1938,8,2,2,1,1,1,1,0,2,1
1939,8,2,2,1,1,1,1,0,2,1
1940,8,2,2,1,1,1,1,0,2,1
1941,8,2,2,1,1,1,1,0,2,1
1942,8,2,2,1,1,1,1,0,2,1
1943,8,2,2,1,1,1,1,0,2,1
1944,8,2,2,1,1,1,1,0,2,1
1945,8,2,2,1,1,1,1,0,2,1
1946,8,2,2,1,1,1,1,0,2,1
1947,8,2,2,1,1,1,1,0,2,1
1948,8,2,2,1,1,1,1,0,2,1
1949,8,2,2,1,1,1,1,0,2,1
1950,8,2,2,1,1,1,1,0,2,1
1951,8,2,2,1,1,1,1,0,2,1
1952,8,2,2,1,1,1,1,0,2,1
1953,8,2,2,1,1,1,1,0,2,1
1954,8,2,2,1,1,1,1,0,2,1
1955,8,2,2,1,1,1,1,0,2,1
1956,8,2,2,1,1,1,1,0,2,1
1957,8,2,2,1,1,1,1,0,2,1
1958,8,2,2,1,1,1,1,0,2,1
1959,8,2,2,1,1,1,1,0,2,1
1960,8,2,2,1,1,1,1,0,2,1
1961,8,2,2,1,1,1,1,0,2,1
1962,8,2,2,1,1,1,1,0,2,1
1963,8,2,2,1,1,1,1,0,2,1
1964,8,2,2,1,1,1,1,0,2,1
1965,8,2,2,1,1,1,1,0,2,1
1966,8,2,2,1,1,1,1,0,2,1
1967,8,2,2,1,1,1,1,0,2,1
1968,8,2,2,1,1,1,1,0,2,1
1969,8,2,2,1,1,1,1,0,2,1
1970,8,2,2,1,1,1,1,0,2,1
1971,8,2,2,1,1,1,1,0,2,1
1972,8,2,2,1,1,1,1,0,2,1
1973,8,2,2,1,1,1,1,0,2,1
1974,8,2,2,1,1,1,1,0,2,1
1975,8,2,2,1,1,1,1,0,2,1
1976,8,2,2,1,1,1,1,0,2,1
1977,8,2,2,1,1,1,1,0,2,1
1978,8,2,2,1,1,1,1,0,2,1
1979,8,2,2,1,1,1,1,0,2,1
1980,8,2,2,1,1,1,1,0,2,1
1981,8,2,2,1,1,1,1,0,2,1
1982,8,2,2,1,1,1,1,0,2,1
1983,8,2,2,1,1,1,1,0,2,1
1984,8,2,2,1,1,1,1,0,2,1
1985,8,2,2,1,1,1,1,0,2,1
1986,8,2,2,1,1,1,1,0,2,1
1987,8,2,2,1,1,1,1,0,2,1
1988,8,2,2,1,1,1,1,0,2,1
1989,8,2,2,1,1,1,1,0,2,1
1990,8,2,2,1,1,1,1,0,2,1
1991,8,2,2,1,1,1,1,0,2,1
1992,8,2,2,1,1,1,1,0,2,1
1993,8,2,2,1,1,1,1,0,2,1
1994,8,2,2,1,1,1,1,0,2,1
1995,8,2,2,1,1,1,1,0,2,1
1996,8,2,2,1,1,1,1,0,2,1
1997,8,2,2,1,1,1,1,0,2,1
1998,8,2,2,1,1,1,1,0,2,1
1999,8,2,2,1,1,1,1,0,2,1
2000,8,2,2,1,1,1,1,0,2,1
2001,8,2,2,1,1,1,1,0,2,1
2002,8,2,2,1,1,1,1,0,2,1
2003,8,2,2,1,1,1,1,0,2,1
2004,8,2,2,1,1,1,1,0,2,1
2005,8,2,2,1,1,1,1,0,2,1
2006,8,2,2,1,1,1,1,0,2,1
2007,8,2,2,1,1,1,1,0,2,1
2008,8,2,2,1,1,1,1,0,2,1
2009,8,2,2,1,1,1,1,0,2,1
2010,8,2,2,1,1,1,1,0,2,1
2011,8,2,2,1,1,1,1,0,2,1
2012,8,2,2,1,1,1,1,0,2,1
2013,8,2,2,1,1,1,1,0,2,1
2014,8,2,2,1,1,1,1,0,2,1
2015,8,2,2,1,1,1,1,0,2,1
2016,8,2,2,1,1,1,1,0,2,1
2017,8,2,2,1,1,1,1,0,2,1
2018,8,2,2,1,1,1,1,0,2,1
2019,8,2,2,1,1,1,1,0,2,1
2020,8,2,2,1,1,1,1,0,2,1
2021,8,2,2,1,1,1,1,0,2,1
2022,8,2,2,1,1,1,1,0,2,1
2023,8,2,2,1,1,1,1,0,2,1
2024,8,2,2,1,1,1,1,0,2,1
2025,8,2,2,1,1,1,1,0,2,1
2026,8,2,2,1,1,1,1,0,2,1
2027,8,2,2,1,1,1,1,0,2,1
2028,8,2,2,1,1,1,1,0,2,1
2029,8,2,2,1,1,1,1,0,2,1
2030,8,2,2,1,1,1,1,0,2,1
2031,8,2,2,1,1,1,1,0,2,1
2032,8,2,2,1,1,1,1,0,2,1
2033,8,2,2,1,1,1,1,0,2,1
2034,8,2,2,1,1,1,1,0,2,1
2035,8,2,2,1,1,1,1,0,2,1
2036,8,2,2,1,1,1,1,0,2,1
2037,8,2,2,1,1,1,1,0,2,1
2038,8,2,2,1,1,1,1,0,2,1
2039,8,2,2,1,1,1,1,0,2,1
2040,8,2,2,1,1,1,1,0,2,1
2041,8,2,2,1,1,1,1,0,2,1
2042,8,2,2,1,1,1,1,0,2,1
2043,8,2,2,1,1,1,1,0,2,1
2044,8,2,2,1,1,1,1,0,2,1
2045,8,2,2,1,1,1,1,0,2,1
2046,8,2,2,1,1,1,1,0,2,1
2047,8,2,2,1,1,1,1,0,2,1
2048,8,2,2,1,1,1,1,0,2,1
2049,8,2,2,1,1,1,1,0,2,1
2050,8,2,2,1,1,1,1,0,2,1
2051,8,2,2,1,1,1,1,0,2,1
2052,8,2,2,1,1,1,1,0,2,1
2053,8,2,2,1,1,1,1,0,2,1
2054,8,2,2,1,1,1,1,0,2,1
2055,8,2,2,1,1,1,1,0,2,1
2056,8,2,2,1,1,1,1,0,2,1
2057,8,2,2,1,1,1,1,0,2,1
2058,8,2,2,1,1,1,1,0,2,1
2059,8,2,2,1,1,1,1,0,2,1
2060,8,2,2,1,1,1,1,0,2,1
2061,8,2,2,1,1,1,1,0,2,1
2062,8,2,2,1,1,1,1,0,2,1
2063,8,2,2,1,1,1,1,0,2,1
2064,8,2,2,1,1,1,1,0,2,1
2065,8,2,2,1,1,1,1,0,2,1
2066,8,2,2,1,1,1,1,0,2,1
2067,8,2,2,1,1,1,1,0,2,1
2068,8,2,2,1,1,1,1,0,2,1
2069,8,2,2,1,1,1,1,0,2,1
2070,8,2,2,1,1,1,1,0,2,1
2071,8,2,2,1,1,1,1,0,2,1
2072,8,2,2,1,1,1,1,0,2,1
2073,8,2,2,1,1,1,1,0,2,1
2074,8,2,2,1,1,1,1,0,2,1
2075,8,2,2,1,1,1,1,0,2,1
2076,8,2,2,1,1,1,1,0,2,1
2077,8,2,2,1,1,1,1,0,2,1
2078,8,2,2,1,1,1,1,0,2,1
2079,8,2,2,1,1,1,1,0,2,1
2080,8,2,2,1,1,1,1,0,2,1
2081,8,2,2,1,1,1,1,0,2,1
2082,8,2,2,1,1,1,1,0,2,1
2083,8,2,2,1,1,1,1,0,2,1
2084,8,2,2,1,1,1,1,0,2,1
2085,8,2,2,1,1,1,1,0,2,1
2086,8,2,2,1,1,1,1,0,2,1
2087,8,2,2,1,1,1,1,0,2,1
2088,8,2,2,1,1,1,1,0,2,1
2089,8,2,2,1,1,1,1,0,2,1
2090,8,2,2,1,1,1,1,0,2,1
2091,8,2,2,1,1,1,1,0,2,1
2092,8,2,2,1,1,1,1,0,2,1
2093,8,2,2,1,1,1,1,0,2,1
2094,8,2,2,1,1,1,1,0,2,1
2095,8,2,2,1,1,1,1,0,2,1
2096,8,2,2,1,1,1,1,0,2,1
2097,8,2,2,1,1,1,1,0,2,1
2098,8,2,2,1,1,1,1,0,2,1
2099,8,2,2,1,1,1,1,0,2,1
2100,8,2,2,1,1,1,1,0,2,1
2101,8,2,2,1,1,1,1,0,2,1
2102,8,2,2,1,1,1,1,0,2,1
2103,8,2,2,1,1,1,1,0,2,1
2104,8,2,2,1,1,1,1,0,2,1
2105,8,2,2,1,1,1,1,0,2,1
2106,8,2,2,1,1,1,1,0,2,1
2107,8,2,2,1,1,1,1,0,2,1
2108,8,2,2,1,1,1,1,0,2,1
2109,8,2,2,1,1,1,1,0,2,1
2110,8,2,2,1,1,1,1,0,2,1
2111,8,2,2,1,1,1,1,0,2,1
2112,8,2,2,1,1,1,1,0,2,1
2113,8,2,2,1,1,1,1,0,2,1
2114,8,2,2,1,1,1,1,0,2,1
2115,8,2,2,1,1,1,1,0,2,1
2116,8,2,2,1,1,1,1,0,2,1
2117,8,2,2,1,1,1,1,0,2,1
2118,8,2,2,1,1,1,1,0,2,1
2119,8,2,2,1,1,1,1,0,2,1
2120,8,2,2,1,1,1,1,0,2,1
2121,8,2,2,1,1,1,1,0,2,1
2122,8,2,2,1,1,1,1,0,2,1
2123,8,2,2,1,1,1,1,0,2,1
2124,8,2,2,1,1,1,1,0,2,1
2125,8,2,2,1,1,1,1,0,2,1
2126,8,2,2,1,1,1,1,0,2,1
2127,8,2,2,1,1,1,1,0,2,1
2128,8,2,2,1,1,1,1,0,2,1
2129,8,2,2,1,1,1,1,0,2,1
2130,8,2,2,1,1,1,1,0,2,1
2131,8,2,2,1,1,1,1,0,2,1
2132,9,3,2,2,3,2,1,0,1,1
2133,9,3,2,2,3,2,1,0,1,1
2134,9,3,2,2,3,2,1,0,1,1
2135,9,3,2,2,3,2,1,0,1,1
2136,9,3,2,2,3,2,1,0,1,1
2137,9,3,2,2,3,2,1,0,1,1
2138,9,3,2,2,3,2,1,0,1,1
2139,9,3,2,2,3,2,1,0,1,1
2140,9,3,2,2,3,2,1,0,1,1
2141,9,3,2,2,3,2,1,0,1,1
2142,9,3,2,2,3,2,1,0,1,1
2143,9,3,2,2,3,2,1,0,1,1
2144,9,3,2,2,3,2,1,0,1,1
2145,9,3,2,2,3,2,1,0,1,1
2146,9,3,2,2,3,2,1,0,1,1
2147,9,3,2,2,3,2,1,0,1,1
2148,9,3,2,2,3,2,1,0,1,1
2149,9,3,2,2,3,2,1,0,1,1
2150,9,3,2,2,3,2,1,0,1,1
2151,9,3,2,2,3,2,1,0,1,1
2152,9,3,2,2,3,2,1,0,1,1
2153,9,3,2,2,3,2,1,0,1,1
2154,9,3,2,2,3,2,1,0,1,1
2155,9,3,2,2,3,2,1,0,1,1
2156,9,3,2,2,3,2,1,0,1,1
2157,9,3,2,2,3,2,1,0,1,1
2158,9,3,2,2,3,2,1,0,1,1
2159,9,3,2,2,3,2,1,0,1,1
2160,9,3,2,2,3,2,1,0,1,1
2161,9,3,2,2,3,2,1,0,1,1
2162,9,3,2,2,3,2,1,0,1,1
2163,9,3,2,2,3,2,1,0,1,1
2164,9,3,2,2,3,2,1,0,1,1
2165,9,3,2,2,3,2,1,0,1,1
2166,9,3,2,2,3,2,1,0,1,1
2167,9,3,2,2,3,2,1,0,1,1
2168,9,3,2,2,3,2,1,0,1,1
2169,9,3,2,2,3,2,1,0,1,1
2170,9,3,2,2,3,2,1,0,1,1
2171,9,3,2,2,3,2,1,0,1,1
2172,9,3,2,2,3,2,1,0,1,1
2173,9,3,2,2,3,2,1,0,1,1
2174,9,3,2,2,3,2,1,0,1,1
2175,9,3,2,2,3,2,1,0,1,1
2176,9,3,2,2,3,2,1,0,1,1
2177,9,3,2,2,3,2,1,0,1,1
2178,9,3,2,2,3,2,1,0,1,1
2179,9,3,2,2,3,2,1,0,1,1
2180,9,3,2,2,3,2,1,0,1,1
2181,9,3,2,2,3,2,1,0,1,1
2182,9,3,2,2,3,2,1,0,1,1
2183,9,3,2,2,3,2,1,0,1,1
2184,9,3,2,2,3,2,1,0,1,1
2185,9,3,2,2,3,2,1,0,1,1
2186,9,3,2,2,3,2,1,0,1,1
2187,9,3,2,2,3,2,1,0,1,1
2188,9,3,2,2,3,2,1,0,1,1
2189,9,3,2,2,3,2,1,0,1,1
2190,9,3,2,2,3,2,1,0,1,1
2191,9,3,2,2,3,2,1,0,1,1
2192,9,3,2,2,3,2,1,0,1,1
2193,9,3,2,2,3,2,1,0,1,1
2194,9,3,2,2,3,2,1,0,1,1
2195,9,3,2,2,3,2,1,0,1,1
2196,9,3,2,2,3,2,1,0,1,1
2197,9,3,2,2,3,2,1,0,1,1
2198,9,3,2,2,3,2,1,0,1,1
2199,9,3,2,2,3,2,1,0,1,1
2200,9,3,2,2,3,2,1,0,1,1
2201,9,3,2,2,3,2,1,0,1,1
2202,9,3,2,2,3,2,1,0,1,1
2203,9,3,2,2,3,2,1,0,1,1
2204,9,3,2,2,3,2,1,0,1,1
2205,9,3,2,2,3,2,1,0,1,1
2206,9,3,2,2,3,2,1,0,1,1
2207,9,3,2,2,3,2,1,0,1,1
2208,9,3,2,2,3,2,1,0,1,1
2209,9,3,2,2,3,2,1,0,1,1
2210,9,3,2,2,3,2,1,0,1,1
2211,9,3,2,2,3,2,1,0,1,1
2212,9,3,2,2,3,2,1,0,1,1
2213,9,3,2,2,3,2,1,0,1,1
2214,9,3,2,2,3,2,1,0,1,1
2215,9,3,2,2,3,2,1,0,1,1
2216,9,3,2,2,3,2,1,0,1,1
2217,9,3,2,2,3,2,1,0,1,1
2218,9,3,2,2,3,2,1,0,1,1
2219,9,3,2,2,3,2,1,0,1,1
2220,9,3,2,2,3,2,1,0,1,1
2221,9,3,2,2,3,2,1,0,1,1
2222,9,3,2,2,3,2,1,0,1,1
2223,9,3,2,2,3,2,1,0,1,1
2224,9,3,2,2,3,2,1,0,1,1
2225,9,3,2,2,3,2,1,0,1,1
2226,9,3,2,2,3,2,1,0,1,1
2227,9,3,2,2,3,2,1,0,1,1
2228,9,3,2,2,3,2,1,0,1,1
2229,9,3,2,2,3,2,1,0,1,1
2230,9,3,2,2,3,2,1,0,1,1
2231,9,3,2,2,3,2,1,0,1,1
2232,9,3,2,2,3,2,1,0,1,1
2233,9,3,2,2,3,2,1,0,1,1
2234,9,3,2,2,3,2,1,0,1,1
2235,9,3,2,2,3,2,1,0,1,1
2236,9,3,2,2,3,2,1,0,1,1
2237,9,3,2,2,3,2,1,0,1,1
2238,9,3,2,2,3,2,1,0,1,1
2239,9,3,2,2,3,2,1,0,1,1
2240,9,3,2,2,3,2,1,0,1,1
2241,9,3,2,2,3,2,1,0,1,1
2242,9,3,2,2,3,2,1,0,1,1
2243,9,3,2,2,3,2,1,0,1,1
2244,9,3,2,2,3,2,1,0,1,1
2245,9,3,2,2,3,2,1,0,1,1
2246,9,3,2,2,3,2,1,0,1,1
2247,9,3,2,2,3,2,1,0,1,1
2248,9,3,2,2,3,2,1,0,1,1
2249,9,3,2,2,3,2,1,0,1,1
2250,9,3,2,2,3,2,1,0,1,1
2251,9,3,2,2,3,2,1,0,1,1
2252,9,3,2,2,3,2,1,0,1,1
2253,9,3,2,2,3,2,1,0,1,1
2254,9,3,2,2,3,2,1,0,1,1
2255,9,3,2,2,3,2,1,0,1,1
2256,9,3,2,2,3,2,1,0,1,1
2257,9,3,2,2,3,2,1,0,1,1
2258,9,3,2,2,3,2,1,0,1,1
2259,9,3,2,2,3,2,1,0,1,1
2260,9,3,2,2,3,2,1,0,1,1
2261,9,3,2,2,3,2,1,0,1,1
2262,9,3,2,2,3,2,1,0,1,1
2263,9,3,2,2,3,2,1,0,1,1
2264,9,3,2,2,3,2,1,0,1,1
2265,9,3,2,2,3,2,1,0,1,1
2266,9,3,2,2,3,2,1,0,1,1
2267,9,3,2,2,3,2,1,0,1,1
2268,9,3,2,2,3,2,1,0,1,1
2269,9,3,2,2,3,2,1,0,1,1
2270,9,3,2,2,3,2,1,0,1,1
2271,9,3,2,2,3,2,1,0,1,1
2272,9,3,2,2,3,2,1,0,1,1
2273,9,3,2,2,3,2,1,0,1,1
2274,9,3,2,2,3,2,1,0,1,1
2275,9,3,2,2,3,2,1,0,1,1
2276,9,3,2,2,3,2,1,0,1,1
2277,9,3,2,2,3,2,1,0,1,1
2278,9,3,2,2,3,2,1,0,1,1
2279,9,3,2,2,3,2,1,0,1,1
2280,9,3,2,2,3,2,1,0,1,1
2281,9,3,2,2,3,2,1,0,1,1
2282,9,3,2,2,3,2,1,0,1,1
2283,9,3,2,2,3,2,1,0,1,1
2284,9,3,2,2,3,2,1,0,1,1
2285,9,3,2,2,3,2,1,0,1,1
2286,9,3,2,2,3,2,1,0,1,1
2287,9,3,2,2,3,2,1,0,1,1
2288,9,3,2,2,3,2,1,0,1,1
2289,9,3,2,2,3,2,1,0,1,1
2290,9,3,2,2,3,2,1,0,1,1
2291,9,3,2,2,3,2,1,0,1,1
2292,9,3,2,2,3,2,1,0,1,1
2293,9,3,2,2,3,2,1,0,1,1
2294,9,3,2,2,3,2,1,0,1,1
2295,9,3,2,2,3,2,1,0,1,1
2296,9,3,2,2,3,2,1,0,1,1
2297,9,3,2,2,3,2,1,0,1,1
2298,9,3,2,2,3,2,1,0,1,1
2299,9,3,2,2,3,2,1,0,1,1
2300,9,3,2,2,3,2,1,0,1,1
2301,9,3,2,2,3,2,1,0,1,1
2302,9,3,2,2,3,2,1,0,1,1
2303,9,3,2,2,3,2,1,0,1,1
2304,9,3,2,2,3,2,1,0,1,1
2305,9,3,2,2,3,2,1,0,1,1
2306,9,3,2,2,3,2,1,0,1,1
2307,9,3,2,2,3,2,1,0,1,1
2308,9,3,2,2,3,2,1,0,1,1
2309,9,3,2,2,3,2,1,0,1,1
2310,9,3,2,2,3,2,1,0,1,1
2311,9,3,2,2,3,2,1,0,1,1
2312,9,3,2,2,3,2,1,0,1,1
2313,9,3,2,2,3,2,1,0,1,1
2314,9,3,2,2,3,2,1,0,1,1
2315,9,3,2,2,3,2,1,0,1,1
2316,9,3,2,2,3,2,1,0,1,1
2317,9,3,2,2,3,2,1,0,1,1
2318,9,3,2,2,3,2,1,0,1,1
2319,9,3,2,2,3,2,1,0,1,1
2320,9,3,2,2,3,2,1,0,1,1
2321,9,3,2,2,3,2,1,0,1,1
2322,9,3,2,2,3,2,1,0,1,1
2323,9,3,2,2,3,2,1,0,1,1
2324,9,3,2,2,3,2,1,0,1,1
2325,9,3,2,2,3,2,1,0,1,1
2326,9,3,2,2,3,2,1,0,1,1
2327,9,3,2,2,3,2,1,0,1,1
2328,9,3,2,2,3,2,1,0,1,1
2329,9,3,2,2,3,2,1,0,1,1
2330,9,3,2,2,3,2,1,0,1,1
2331,9,3,2,2,3,2,1,0,1,1
2332,9,3,2,2,3,2,1,0,1,1
2333,9,3,2,2,3,2,1,0,1,1
2334,9,3,2,2,3,2,1,0,1,1
2335,9,3,2,2,3,2,1,0,1,1
2336,9,3,2,2,3,2,1,0,1,1
2337,9,3,2,2,3,2,1,0,1,1
2338,9,3,2,2,3,2,1,0,1,1
2339,9,3,2,2,3,2,1,0,1,1
2340,9,3,2,2,3,2,1,0,1,1
2341,9,3,2,2,3,2,1,0,1,1
2342,9,3,2,2,3,2,1,0,1,1
2343,9,3,2,2,3,2,1,0,1,1
2344,9,3,2,2,3,2,1,0,1,1
2345,9,3,2,2,3,2,1,0,1,1
2346,9,3,2,2,3,2,1,0,1,1
2347,9,3,2,2,3,2,1,0,1,1
2348,9,3,2,2,3,2,1,0,1,1
2349,9,3,2,2,3,2,1,0,1,1
2350,9,3,2,2,3,2,1,0,1,1
2351,9,3,2,2,3,2,1,0,1,1
2352,9,3,2,2,3,2,1,0,1,1
2353,9,3,2,2,3,2,1,0,1,1
2354,9,3,2,2,3,2,1,0,1,1
2355,9,3,2,2,3,2,1,0,1,1
2356,9,3,2,2,3,2,1,0,1,1
2357,9,3,2,2,3,2,1,0,1,1
2358,9,3,2,2,3,2,1,0,1,1
2359,9,3,2,2,3,2,1,0,1,1
2360,9,3,2,2,3,2,1,0,1,1
2361,9,3,2,2,3,2,1,0,1,1
2362,9,3,2,2,3,2,1,0,1,1
2363,9,3,2,2,3,2,1,0,1,1
2364,9,3,2,2,3,2,1,0,1,1
2365,9,3,2,2,3,2,1,0,1,1
2366,9,3,2,2,3,2,1,0,1,1
2367,9,3,2,2,3,2,1,0,1,1
2368,9,3,2,2,3,2,1,0,1,1
2369,9,3,2,2,3,2,1,0,1,1
2370,9,3,2,2,3,2,1,0,1,1
2371,9,3,2,2,3,2,1,0,1,1
